Temp,Humidity,Wind,Soil,Vegetation,Rainfall,Risk
-1.8,86,4,1,2,43.0,1
-1.8,87,4,2,1,43.5,1
-1.8,89,7,2,1,44.5,1
-1.5,88,6,1,2,44.0,1
-1.5,88,7,0,1,44.0,1
-1.4,87,9,2,2,43.5,1
-1.5,89,7,2,1,44.5,1
-1.4,85,7,2,1,42.5,1
-1.4,85,9,1,1,42.5,1
-1.3,88,15,2,2,44.0,2
-1.0,91,9,1,1,45.5,1
-0.5,89,7,1,0,44.5,1
-0.2,88,9,1,1,44.0,1
0.2,87,13,2,2,43.5,2
0.8,87,20,1,1,43.5,2
1.8,85,22,0,1,42.5,2
2.6,82,13,2,0,41.0,2
3.0,81,13,2,0,40.5,2
3.8,82,15,2,1,41.0,2
3.1,88,15,2,2,44.0,2
3.2,87,19,2,2,43.5,2
4.0,85,20,1,0,42.5,2
4.4,84,24,1,0,42.0,2
5.3,79,30,2,1,39.5,2
5.2,77,35,1,2,38.5,2
4.6,72,39,2,2,36.0,2
3.9,71,32,1,2,35.5,2
3.7,69,33,1,2,34.5,2
2.9,69,32,1,0,34.5,2
2.6,70,32,1,0,35.0,2
2.3,70,26,0,1,35.0,2
2.0,70,33,2,2,35.0,2
1.9,68,39,0,1,34.0,2
1.8,67,44,1,1,33.5,2
1.5,66,43,0,1,33.0,2
2.2,66,30,2,1,33.0,2
1.7,56,48,2,0,28.0,2
1.1,57,37,1,0,28.5,2
1.1,56,33,0,2,28.0,2
0.0,59,33,0,2,29.5,2
-0.7,55,24,0,0,27.5,2
-2.1,57,22,2,2,28.5,2
-4.1,57,28,2,0,28.5,2
-4.8,57,24,0,0,28.5,2
-5.6,54,24,2,2,27.0,2
-5.8,58,26,2,2,29.0,2
-7.0,54,20,0,0,27.0,2
-7.4,59,17,2,0,29.5,2
-9.0,57,28,0,0,28.5,2
-9.7,54,20,0,0,27.0,2
-10.5,65,22,1,0,32.5,2
-11.3,54,33,0,2,27.0,2
-12.6,53,24,2,2,26.5,2
-12.9,60,22,1,2,30.0,2
-13.3,61,19,0,0,30.5,2
-14.0,63,19,1,1,31.5,2
-14.8,58,26,2,2,29.0,2
-15.0,56,19,0,1,28.0,2
-15.3,56,24,2,2,28.0,2
-14.9,54,22,1,1,27.0,2
-14.9,52,20,0,2,26.0,2
-15.1,54,22,1,2,27.0,2
-14.9,50,22,1,2,25.0,2
-14.8,53,19,0,1,26.5,2
-15.3,52,22,1,1,26.0,2
-15.8,53,22,2,2,26.5,2
-16.3,52,24,1,2,26.0,2
-16.9,50,24,2,2,25.0,2
-17.3,49,24,2,1,24.5,0
-17.0,52,15,1,0,26.0,2
-17.1,52,20,2,1,26.0,2
-17.3,55,17,0,0,27.5,2
-17.5,56,13,2,0,28.0,2
-17.9,58,11,2,2,29.0,2
-18.1,61,15,2,1,30.5,2
-18.5,59,13,0,1,29.5,2
-18.5,59,13,0,0,29.5,2
-18.6,62,9,0,0,31.0,1
-18.5,61,11,1,0,30.5,2
-18.2,60,11,0,1,30.0,2
-17.8,57,17,2,1,28.5,2
-16.8,61,9,0,1,30.5,1
-15.2,63,7,0,1,31.5,1
-14.2,56,13,2,1,28.0,2
-13.7,51,11,1,2,25.5,2
-12.4,53,11,0,0,26.5,2
-11.3,53,7,1,1,26.5,1
-10.2,61,11,1,2,30.5,2
-9.4,61,13,1,2,30.5,2
-8.9,71,9,2,2,35.5,1
-8.9,75,11,1,1,37.5,2
-8.4,71,9,1,1,35.5,1
-7.8,71,9,2,0,35.5,1
-7.6,73,7,1,0,36.5,1
-9.5,77,6,1,1,38.5,1
-9.6,79,6,2,0,39.5,1
-8.8,79,4,2,2,39.5,1
-7.5,81,0,0,2,40.5,1
-5.4,80,9,0,1,40.0,1
-5.0,81,11,0,2,40.5,2
-4.1,83,9,1,2,41.5,1
-7.0,82,4,1,0,41.0,1
-8.2,82,6,1,1,41.0,1
-7.1,82,9,2,0,41.0,1
-6.1,79,11,1,2,39.5,2
-6.6,76,9,0,1,38.0,1
-6.0,73,17,2,1,36.5,2
-5.6,70,22,2,2,35.0,2
-4.7,69,20,2,2,34.5,2
-4.4,66,26,0,1,33.0,2
-5.1,65,22,0,2,32.5,2
-4.3,55,26,0,2,27.5,2
-5.0,55,19,2,1,27.5,2
-6.7,56,11,2,1,28.0,2
-7.1,56,11,1,0,28.0,2
-9.2,61,7,1,0,30.5,1
-9.8,62,9,0,0,31.0,1
-9.0,63,13,2,2,31.5,2
-9.9,63,7,1,0,31.5,1
-9.4,61,9,0,0,30.5,1
-9.6,56,13,0,2,28.0,2
-10.0,55,17,1,2,27.5,2
-10.5,61,9,0,2,30.5,1
-10.6,64,0,2,0,32.0,1
-11.3,68,15,0,0,34.0,2
-11.8,71,19,2,1,35.5,2
-12.0,71,22,2,0,35.5,2
-14.4,85,22,1,0,42.5,2
-12.3,73,24,1,2,36.5,2
-12.5,71,26,1,2,35.5,2
-12.3,72,28,0,0,36.0,2
-12.0,72,17,1,1,36.0,2
-11.7,74,28,1,0,37.0,2
-11.9,74,20,0,2,37.0,2
-11.2,75,19,1,1,37.5,2
-11.5,79,19,0,1,39.5,2
-11.6,78,19,0,0,39.0,2
-11.2,78,17,2,0,39.0,2
-10.5,78,17,2,1,39.0,2
-10.5,79,15,1,2,39.5,2
-10.2,80,11,0,1,40.0,2
-9.5,79,9,2,2,39.5,1
-9.3,79,11,2,0,39.5,2
-9.0,79,7,2,1,39.5,1
-8.7,79,6,2,2,39.5,1
-8.5,80,0,1,2,40.0,1
-8.1,79,4,2,1,39.5,1
-7.8,79,4,1,2,39.5,1
-7.5,79,6,0,1,39.5,1
-6.9,80,4,1,0,40.0,1
-6.7,80,7,2,0,40.0,1
-7.0,81,7,0,1,40.5,1
-6.4,82,9,0,0,41.0,1
-6.1,82,7,1,0,41.0,1
-5.7,84,7,0,1,42.0,1
-5.4,84,9,1,2,42.0,1
-5.5,84,13,0,1,42.0,2
-4.8,83,15,1,1,41.5,2
-4.4,83,6,2,1,41.5,1
-3.7,83,11,1,0,41.5,2
-3.6,84,0,1,2,42.0,1
-3.1,84,13,2,0,42.0,2
-3.2,85,6,1,0,42.5,1
-3.0,86,6,1,1,43.0,1
-1.8,87,4,0,0,43.5,1
-1.3,88,0,1,2,44.0,1
-1.5,89,4,0,1,44.5,1
0.4,87,22,2,2,43.5,2
0.6,76,32,0,2,38.0,2
-0.6,74,32,0,0,37.0,2
-1.7,71,30,2,0,35.5,2
-3.5,69,32,0,0,34.5,2
-4.4,69,22,2,1,34.5,2
-5.9,70,13,1,0,35.0,2
-5.8,68,13,1,2,34.0,2
-5.6,69,11,0,2,34.5,2
-5.9,69,11,1,1,34.5,2
-6.4,65,17,2,0,32.5,2
-6.5,67,17,1,2,33.5,2
-7.1,65,22,2,2,32.5,2
-6.7,66,15,1,2,33.0,2
-6.5,63,15,0,2,31.5,2
-6.5,65,19,1,1,32.5,2
-6.6,61,20,1,2,30.5,2
-6.6,59,20,1,2,29.5,2
-7.2,59,17,2,2,29.5,2
-8.1,62,17,2,2,31.0,2
-8.0,62,15,0,2,31.0,2
-8.3,65,15,2,0,32.5,2
-8.3,64,11,1,1,32.0,2
-8.7,65,7,1,1,32.5,1
-9.0,68,7,2,0,34.0,1
-9.2,66,6,1,2,33.0,1
-9.8,68,0,0,0,34.0,1
-9.0,66,4,0,2,33.0,1
-8.8,70,0,2,2,35.0,1
-8.5,69,9,2,2,34.5,1
-8.4,71,11,0,1,35.5,2
-7.7,72,11,0,0,36.0,2
-6.8,72,15,2,2,36.0,2
-5.9,70,13,2,0,35.0,2
-5.4,75,11,2,2,37.5,2
-4.8,76,9,1,1,38.0,1
-3.7,77,7,2,0,38.5,1
-2.5,73,9,2,0,36.5,1
-1.7,74,7,1,1,37.0,1
-1.4,76,7,0,1,38.0,1
-1.0,74,9,2,1,37.0,1
-1.3,72,11,1,2,36.0,2
-1.4,72,15,2,2,36.0,2
-1.0,71,20,2,0,35.5,2
-1.1,70,19,1,2,35.0,2
-1.5,70,15,0,1,35.0,2
-1.7,71,11,1,0,35.5,2
-0.3,64,19,2,2,32.0,2
-0.2,64,17,0,1,32.0,2
2.5,57,30,1,1,28.5,2
2.3,66,35,1,2,33.0,2
1.4,75,19,0,0,37.5,2
1.6,77,28,2,2,38.5,2
1.2,81,26,1,2,40.5,2
0.8,86,30,1,1,43.0,2
0.7,87,30,1,0,43.5,2
1.5,85,20,2,2,42.5,2
1.2,85,24,1,0,42.5,2
1.6,84,17,0,0,42.0,2
2.0,81,24,0,1,40.5,2
2.6,77,22,1,1,38.5,2
1.4,72,30,1,1,36.0,2
0.7,64,26,0,2,32.0,2
-0.2,64,26,0,2,32.0,2
-1.4,61,30,1,0,30.5,2
-3.1,55,30,0,2,27.5,2
-4.0,54,17,2,1,27.0,2
-4.9,54,15,2,2,27.0,2
-5.7,53,15,2,0,26.5,2
-6.4,53,13,2,2,26.5,2
-6.6,57,9,0,2,28.5,1
-7.3,55,13,2,0,27.5,2
-8.6,57,19,1,0,28.5,2
-9.5,55,17,1,2,27.5,2
-10.7,56,17,2,1,28.0,2
-12.0,56,19,1,1,28.0,2
-12.7,57,19,2,1,28.5,2
-13.4,57,17,2,1,28.5,2
-13.9,55,19,2,2,27.5,2
-14.4,57,20,1,2,28.5,2
-14.4,57,13,1,0,28.5,2
-14.7,57,15,2,0,28.5,2
-14.3,58,15,2,2,29.0,2
-13.9,55,11,2,1,27.5,2
-13.4,54,15,2,0,27.0,2
-12.7,53,17,0,0,26.5,2
-12.2,52,19,2,2,26.0,2
-11.4,52,20,1,2,26.0,2
-11.6,50,20,2,1,25.0,2
-11.8,47,20,0,2,23.5,2
-11.9,51,26,1,0,25.5,2
-12.0,52,24,0,0,26.0,2
-11.8,54,30,2,1,27.0,2
-11.2,57,24,1,1,28.5,2
-11.2,65,19,2,1,32.5,2
-10.8,65,22,1,2,32.5,2
-10.7,67,20,1,2,33.5,2
-10.0,66,19,1,1,33.0,2
-9.8,65,24,0,0,32.5,2
-9.4,64,26,2,0,32.0,2
-9.0,63,33,0,2,31.5,2
-8.5,64,22,0,0,32.0,2
-8.0,64,30,2,2,32.0,2
-7.6,65,28,2,0,32.5,2
-7.3,65,28,2,2,32.5,2
-7.1,72,33,1,2,36.0,2
-6.8,75,33,0,0,37.5,2
-6.2,77,35,0,0,38.5,2
-6.0,76,32,0,2,38.0,2
-5.8,79,32,0,0,39.5,2
-5.8,81,33,0,1,40.5,2
-5.7,81,28,1,2,40.5,2
-5.2,83,26,2,0,41.5,2
-4.9,83,33,1,0,41.5,2
-5.1,83,33,1,0,41.5,2
-5.4,81,35,1,1,40.5,2
-5.0,82,30,2,2,41.0,2
-5.0,81,28,2,1,40.5,2
-4.7,80,24,0,0,40.0,2
-4.1,81,26,1,1,40.5,2
-4.6,83,28,0,1,41.5,2
-5.1,83,28,2,2,41.5,2
-5.0,81,24,2,2,40.5,2
-4.8,81,22,2,0,40.5,2
-4.5,83,19,2,1,41.5,2
-5.0,83,24,1,2,41.5,2
-5.1,82,20,0,1,41.0,2
-5.4,83,22,2,1,41.5,2
-5.1,82,22,0,2,41.0,2
-5.1,83,26,2,2,41.5,2
-5.0,84,32,0,2,42.0,2
-4.8,83,26,0,0,41.5,2
-4.8,83,28,2,2,41.5,2
-4.8,81,24,2,1,40.5,2
-4.9,83,20,0,2,41.5,2
-4.8,85,6,1,2,42.5,1
-4.3,85,13,2,0,42.5,2
-3.7,84,11,2,0,42.0,2
-2.9,87,15,1,1,43.5,2
-1.7,89,26,1,0,44.5,2
-2.5,86,33,2,1,43.0,2
-3.2,87,32,2,0,43.5,2
-4.8,79,37,2,1,39.5,2
-5.5,70,32,2,1,35.0,2
-7.6,75,35,0,0,37.5,2
-8.9,72,39,0,1,36.0,2
-9.7,69,24,0,0,34.5,2
-11.2,70,28,2,2,35.0,2
-12.0,71,24,0,2,35.5,2
-13.4,63,20,2,0,31.5,2
-14.3,63,24,2,2,31.5,2
-15.2,63,24,0,2,31.5,2
-16.8,63,26,2,0,31.5,2
-17.9,62,20,0,0,31.0,2
-18.0,61,19,0,0,30.5,2
-18.0,60,22,0,2,30.0,2
-17.8,59,20,0,1,29.5,2
-17.5,58,20,0,0,29.0,2
-17.1,55,17,1,0,27.5,2
-16.7,56,17,1,2,28.0,2
-16.7,56,22,1,1,28.0,2
-16.7,52,19,1,1,26.0,2
-17.4,54,13,1,1,27.0,2
-17.7,56,20,0,0,28.0,2
-18.3,59,17,2,2,29.5,2
-19.6,58,13,2,2,29.0,2
-20.0,59,11,0,2,29.5,2
-19.9,58,13,2,2,29.0,2
-20.3,59,9,2,2,29.5,1
-21.2,61,11,1,1,30.5,2
-21.1,61,9,1,1,30.5,1
-21.4,63,9,1,1,31.5,1
-20.7,62,4,2,1,31.0,1
-21.0,61,0,1,0,30.5,1
-21.3,63,6,0,1,31.5,1
-23.2,62,7,2,1,31.0,1
-22.8,62,9,2,0,31.0,1
-23.3,62,7,1,0,31.0,1
-22.2,60,9,0,0,30.0,1
-20.6,58,9,1,0,29.0,1
-19.3,55,9,1,0,27.5,1
-18.0,52,13,2,0,26.0,2
-16.8,53,20,2,0,26.5,2
-16.0,53,26,1,0,26.5,2
-15.4,53,24,2,1,26.5,2
-15.1,52,24,2,2,26.0,2
-16.2,55,15,2,2,27.5,2
-16.3,57,17,1,1,28.5,2
-16.3,58,20,2,1,29.0,2
-16.7,61,17,1,1,30.5,2
-16.9,63,15,2,1,31.5,2
-16.9,66,17,0,2,33.0,2
-16.9,68,15,2,2,34.0,2
-17.1,66,15,1,2,33.0,2
-17.8,65,6,2,0,32.5,1
-18.5,68,6,1,2,34.0,1
-19.2,67,6,1,1,33.5,1
-18.7,66,0,2,2,33.0,1
-19.1,69,0,1,0,34.5,1
-18.7,68,0,2,0,34.0,1
-17.9,73,4,0,2,36.5,1
-17.9,67,9,1,1,33.5,1
-14.4,59,22,1,0,29.5,2
-13.6,65,19,1,2,32.5,2
-12.7,66,20,1,1,33.0,2
-10.7,60,19,0,0,30.0,2
-10.1,61,13,0,1,30.5,2
-9.0,68,13,2,1,34.0,2
-8.0,63,17,1,1,31.5,2
-7.1,57,9,1,0,28.5,1
-7.6,56,4,0,1,28.0,1
-12.5,66,15,2,0,33.0,2
-14.8,70,15,0,1,35.0,2
-14.0,70,13,0,2,35.0,2
-12.9,71,11,2,1,35.5,2
-12.2,70,9,1,1,35.0,1
-11.5,71,7,1,1,35.5,1
-10.8,71,9,0,1,35.5,1
-10.4,71,9,0,2,35.5,1
-9.7,73,9,0,0,36.5,1
-9.2,73,6,2,1,36.5,1
-9.0,78,6,2,1,39.0,1
-8.3,85,6,0,1,42.5,1
-7.7,84,6,1,2,42.0,1
-7.5,85,9,1,2,42.5,1
-7.4,84,9,2,1,42.0,1
-7.0,82,15,2,1,41.0,2
-6.5,82,15,1,1,41.0,2
-6.1,83,15,2,1,41.5,2
-5.3,82,19,1,0,41.0,2
-5.1,82,22,0,0,41.0,2
-4.3,85,22,2,0,42.5,2
-3.7,84,24,0,1,42.0,2
-3.5,83,28,2,2,41.5,2
-3.6,84,22,2,1,42.0,2
-3.5,84,22,0,2,42.0,2
-3.3,84,24,0,1,42.0,2
-3.6,85,24,2,1,42.5,2
-2.9,86,26,0,2,43.0,2
-1.6,89,17,1,0,44.5,2
-0.6,90,7,1,1,45.0,1
2.1,90,11,0,1,45.0,2
3.7,66,83,1,1,33.0,2
0.5,72,70,1,0,36.0,2
-3.5,70,57,1,1,35.0,2
-6.1,69,48,2,0,34.5,2
-7.7,69,46,1,1,34.5,2
-8.5,65,39,1,1,32.5,2
-9.8,64,39,0,0,32.0,2
-10.9,63,35,1,2,31.5,2
-11.2,61,43,2,1,30.5,2
-11.2,61,35,2,1,30.5,2
-11.1,58,39,0,1,29.0,2
-11.0,57,37,2,0,28.5,2
-10.6,55,32,2,2,27.5,2
-10.3,55,28,1,0,27.5,2
-10.4,54,30,1,2,27.0,2
-10.6,53,26,2,2,26.5,2
-11.3,54,26,0,1,27.0,2
-12.0,60,22,0,0,30.0,2
-12.7,61,22,1,0,30.5,2
-13.4,62,17,2,0,31.0,2
-13.7,63,17,1,1,31.5,2
-14.2,62,13,0,0,31.0,2
-14.9,66,6,2,0,33.0,1
-16.6,69,7,1,1,34.5,1
-15.2,76,4,1,1,38.0,1
-14.3,77,6,0,0,38.5,1
-18.0,73,6,1,1,36.5,1
-15.4,78,7,0,0,39.0,1
-16.6,76,6,0,1,38.0,1
-15.3,69,6,2,0,34.5,1
-14.6,68,6,2,1,34.0,1
-13.7,68,19,1,2,34.0,2
-12.7,69,17,0,1,34.5,2
-11.7,64,20,0,0,32.0,2
-11.0,62,26,2,1,31.0,2
-8.8,59,15,2,0,29.5,2
-7.3,55,20,0,1,27.5,2
-7.0,53,20,2,1,26.5,2
-6.7,52,26,1,0,26.0,2
-6.7,52,24,0,0,26.0,2
-6.9,54,17,2,2,27.0,2
-5.0,54,19,1,2,27.0,2
-3.6,49,30,0,0,24.5,0
-3.7,53,30,1,0,26.5,2
-5.0,77,24,1,1,38.5,2
-4.2,68,32,0,2,34.0,2
-4.1,69,26,1,0,34.5,2
-4.1,71,26,2,1,35.5,2
-4.1,73,20,2,1,36.5,2
-3.9,73,22,2,2,36.5,2
-4.8,67,19,1,2,33.5,2
-6.0,72,19,2,2,36.0,2
-6.3,63,33,1,1,31.5,2
-7.6,59,28,2,0,29.5,2
-8.6,57,28,0,1,28.5,2
-10.4,62,33,1,2,31.0,2
-12.2,61,32,1,1,30.5,2
-13.7,57,33,2,2,28.5,2
-14.2,55,32,0,1,27.5,2
-15.2,56,30,2,2,28.0,2
-15.8,51,30,2,1,25.5,2
-15.5,48,30,0,0,24.0,0
-15.0,47,30,0,1,23.5,0
-14.8,45,24,2,2,22.5,0
-15.4,46,17,0,2,23.0,2
-15.9,48,13,2,0,24.0,2
-16.3,51,13,1,2,25.5,2
-16.9,50,9,2,0,25.0,1
-18.5,54,9,1,0,27.0,1
-18.1,54,9,2,1,27.0,1
-17.4,54,6,0,1,27.0,1
-16.4,53,6,1,2,26.5,1
-16.1,52,0,0,2,26.0,1
-15.3,53,0,1,1,26.5,1
-15.9,60,7,1,2,30.0,1
-15.3,58,7,2,2,29.0,1
-14.8,50,11,2,2,25.0,2
-14.3,52,9,2,0,26.0,1
-13.9,50,9,2,0,25.0,1
-14.0,52,9,0,2,26.0,1
-15.9,65,13,2,0,32.5,2
-16.3,65,17,2,2,32.5,2
-15.9,64,19,1,1,32.0,2
-14.6,62,15,0,0,31.0,2
-13.4,59,15,0,2,29.5,2
-12.5,55,13,1,2,27.5,2
-11.8,56,11,1,2,28.0,2
-11.6,55,7,2,1,27.5,1
-12.1,53,11,0,1,26.5,2
-13.0,55,6,2,2,27.5,1
-13.4,58,4,1,0,29.0,1
-18.5,60,4,2,2,30.0,1
-16.0,66,9,0,1,33.0,1
-17.6,61,0,2,1,30.5,1
-17.4,69,0,0,0,34.5,1
-18.3,70,0,2,2,35.0,1
-17.5,72,4,2,0,36.0,1
-18.5,70,0,0,1,35.0,1
-18.4,67,0,0,2,33.5,1
-17.2,69,0,0,2,34.5,1
-19.5,71,6,2,0,35.5,1
-19.0,71,6,2,0,35.5,1
-18.6,69,6,2,0,34.5,1
-18.5,74,4,1,1,37.0,1
-16.2,78,7,2,1,39.0,1
-14.5,80,9,0,1,40.0,1
-13.0,81,6,0,2,40.5,1
-11.5,73,9,0,2,36.5,1
-11.2,68,11,2,0,34.0,2
-9.4,65,9,0,0,32.5,1
-8.7,63,9,0,1,31.5,1
-8.0,59,6,1,0,29.5,1
-9.5,60,19,1,1,30.0,2
-10.4,63,19,0,1,31.5,2
-10.4,62,19,1,2,31.0,2
-12.3,69,15,1,1,34.5,2
-12.9,70,15,0,2,35.0,2
-13.2,73,13,2,1,36.5,2
-13.3,73,9,2,0,36.5,1
-12.9,71,11,0,2,35.5,2
-12.9,70,11,2,1,35.0,2
-13.2,72,13,1,1,36.0,2
-12.1,73,13,0,2,36.5,2
-11.2,72,11,2,0,36.0,2
-9.9,73,11,2,2,36.5,2
-8.8,73,7,1,2,36.5,1
-8.1,73,13,0,0,36.5,2
-7.2,74,11,0,0,37.0,2
-4.9,72,11,1,0,36.0,2
-3.6,72,9,0,2,36.0,1
1.2,72,11,0,0,36.0,2
2.3,71,6,1,2,35.5,1
2.5,75,22,1,2,37.5,2
2.7,76,26,2,2,38.0,2
2.7,77,30,0,0,38.5,2
3.1,78,28,1,0,39.0,2
3.1,78,28,2,2,39.0,2
3.0,88,19,0,2,44.0,2
3.2,88,22,2,0,44.0,2
2.9,89,26,1,2,44.5,2
3.3,89,24,0,1,44.5,2
3.6,91,28,2,2,45.5,2
4.0,90,22,1,1,45.0,2
3.5,92,17,1,1,46.0,2
3.1,92,19,1,2,46.0,2
3.1,93,9,1,2,46.5,1
5.0,91,19,1,2,45.5,2
4.2,81,30,1,1,40.5,2
3.7,76,41,1,0,38.0,2
3.4,75,28,2,1,37.5,2
2.9,75,26,0,1,37.5,2
3.0,71,28,0,1,35.5,2
2.9,71,30,2,0,35.5,2
3.0,70,35,1,1,35.0,2
3.1,70,33,0,1,35.0,2
3.2,67,30,1,2,33.5,2
2.8,69,39,0,0,34.5,2
2.4,71,35,1,1,35.5,2
1.9,74,26,2,1,37.0,2
1.7,74,30,1,2,37.0,2
1.6,73,26,0,0,36.5,2
1.5,72,22,1,0,36.0,2
1.5,71,32,0,2,35.5,2
1.3,72,19,1,1,36.0,2
1.1,74,20,0,2,37.0,2
1.1,72,22,0,0,36.0,2
1.0,72,28,0,0,36.0,2
0.5,69,28,1,1,34.5,2
-0.1,68,22,0,1,34.0,2
-0.4,66,20,1,0,33.0,2
-0.5,65,24,2,0,32.5,2
-0.7,67,24,2,2,33.5,2
-1.7,64,33,0,2,32.0,2
-2.8,62,35,1,1,31.0,2
-3.9,63,37,0,2,31.5,2
-4.7,62,26,1,0,31.0,2
-5.2,62,28,1,2,31.0,2
-5.3,62,22,2,2,31.0,2
-5.3,60,19,1,0,30.0,2
-5.0,59,20,1,2,29.5,2
-4.7,58,20,0,0,29.0,2
-4.5,60,22,0,2,30.0,2
-4.4,59,22,1,0,29.5,2
-4.4,59,19,2,0,29.5,2
-4.8,60,20,0,1,30.0,2
-5.1,61,11,0,1,30.5,2
-5.4,62,13,2,2,31.0,2
-4.9,59,7,0,1,29.5,1
-5.4,64,7,1,2,32.0,1
-5.5,64,0,1,2,32.0,1
-5.4,63,6,1,2,31.5,1
-5.9,64,6,0,2,32.0,1
-7.0,67,4,0,2,33.5,1
-8.2,71,6,0,2,35.5,1
-8.1,71,0,0,1,35.5,1
-8.5,67,0,1,1,33.5,1
-9.0,68,6,2,1,34.0,1
-11.2,73,6,1,0,36.5,1
-10.6,74,6,0,0,37.0,1
-9.2,72,6,1,2,36.0,1
-7.9,70,11,2,0,35.0,2
-5.7,59,11,1,1,29.5,2
-5.0,57,7,2,2,28.5,1
-4.6,54,11,0,2,27.0,2
-4.0,54,15,1,1,27.0,2
-3.4,49,11,1,2,24.5,2
-3.0,42,13,1,0,21.0,2
-3.8,52,19,1,2,26.0,2
-4.3,54,20,0,2,27.0,2
-4.7,49,24,2,1,24.5,0
-4.5,49,17,2,0,24.5,2
-4.6,52,17,1,0,26.0,2
-5.2,58,20,0,2,29.0,2
-5.3,68,22,2,0,34.0,2
-5.8,77,22,2,0,38.5,2
-5.7,79,28,2,0,39.5,2
-5.5,81,24,2,0,40.5,2
-5.5,81,26,2,0,40.5,2
-5.3,81,28,2,2,40.5,2
-4.9,81,26,0,2,40.5,2
-4.0,82,22,1,0,41.0,2
-2.1,86,19,2,1,43.0,2
-0.8,86,22,0,0,43.0,2
0.3,86,20,0,1,43.0,2
0.7,86,17,1,2,43.0,2
0.6,88,17,1,2,44.0,2
0.7,88,20,2,2,44.0,2
0.7,89,20,1,0,44.5,2
0.7,88,22,1,2,44.0,2
0.5,88,20,0,0,44.0,2
0.3,87,19,0,0,43.5,2
-0.3,86,19,0,2,43.0,2
-0.6,88,22,2,2,44.0,2
-0.3,90,11,2,2,45.0,2
0.1,88,30,1,1,44.0,2
-0.7,86,32,1,1,43.0,2
-1.3,82,19,2,0,41.0,2
-1.5,81,19,2,1,40.5,2
-1.6,81,20,0,1,40.5,2
-1.5,81,19,2,2,40.5,2
-0.2,82,22,2,2,41.0,2
0.2,81,24,1,0,40.5,2
0.4,78,17,1,0,39.0,2
0.1,77,15,0,1,38.5,2
0.3,80,19,2,0,40.0,2
-1.7,76,9,1,2,38.0,1
-1.2,78,11,2,2,39.0,2
-2.1,80,7,2,1,40.0,1
-1.6,81,13,0,2,40.5,2
-1.1,78,13,2,2,39.0,2
-0.6,80,6,0,2,40.0,1
-0.3,80,7,1,2,40.0,1
0.9,72,4,1,2,36.0,1
1.2,71,9,1,1,35.5,1
1.2,70,15,1,0,35.0,2
1.4,69,22,0,1,34.5,2
1.2,71,11,0,1,35.5,2
1.6,69,9,1,1,34.5,1
2.2,71,19,1,0,35.5,2
1.7,81,24,1,2,40.5,2
2.1,76,24,0,0,38.0,2
2.3,73,37,1,1,36.5,2
1.2,81,52,0,0,40.5,2
1.5,62,57,2,1,31.0,2
0.9,63,52,1,2,31.5,2
0.3,64,52,0,1,32.0,2
-0.2,65,43,0,2,32.5,2
-0.9,63,43,0,1,31.5,2
-1.5,62,43,2,1,31.0,2
-2.0,63,44,1,0,31.5,2
-1.9,62,32,0,2,31.0,2
-2.2,63,32,1,1,31.5,2
-2.1,62,32,0,2,31.0,2
-1.8,61,24,1,0,30.5,2
-0.8,59,33,2,2,29.5,2
0.1,56,37,0,0,28.0,2
0.5,50,33,0,0,25.0,2
0.4,54,19,2,2,27.0,2
0.2,56,17,1,2,28.0,2
0.7,51,20,0,1,25.5,2
-0.7,56,11,2,0,28.0,2
-1.1,54,17,0,2,27.0,2
-1.6,56,17,0,0,28.0,2
-2.0,58,17,0,1,29.0,2
-1.7,60,9,1,2,30.0,1
-2.3,70,15,2,2,35.0,2
-3.4,73,15,2,0,36.5,2
-3.7,68,11,2,2,34.0,2
-4.4,65,15,2,2,32.5,2
-5.1,68,15,0,0,34.0,2
-6.1,72,11,1,1,36.0,2
-7.7,72,11,2,2,36.0,2
-7.9,63,13,1,1,31.5,2
-8.9,61,15,2,0,30.5,2
-9.8,61,15,2,0,30.5,2
-10.5,59,9,0,1,29.5,1
-9.5,56,13,0,2,28.0,2
-8.8,56,17,0,2,28.0,2
-7.7,57,19,1,0,28.5,2
-7.0,56,22,0,0,28.0,2
-7.5,54,22,0,2,27.0,2
-6.7,52,22,2,1,26.0,2
-6.9,51,22,2,0,25.5,2
-7.3,51,17,0,2,25.5,2
-7.4,51,13,0,2,25.5,2
-7.4,52,15,1,2,26.0,2
-8.8,56,7,1,1,28.0,1
-9.5,59,4,2,2,29.5,1
-8.4,57,4,1,0,28.5,1
-7.8,55,4,0,1,27.5,1
-8.6,66,6,0,0,33.0,1
-7.0,62,7,2,1,31.0,1
-7.1,62,6,0,2,31.0,1
-6.5,59,11,0,2,29.5,2
-6.8,64,15,0,1,32.0,2
-7.1,66,17,0,2,33.0,2
-7.1,67,17,1,0,33.5,2
-7.0,69,13,1,2,34.5,2
-9.6,73,17,1,1,36.5,2
-9.8,72,19,1,0,36.0,2
-10.1,71,17,1,0,35.5,2
-9.7,70,19,2,1,35.0,2
-9.3,67,20,0,0,33.5,2
-8.6,69,22,2,0,34.5,2
-8.3,73,20,0,1,36.5,2
-8.4,75,20,0,0,37.5,2
-8.2,74,17,0,2,37.0,2
-8.0,76,20,2,2,38.0,2
-7.7,77,19,0,1,38.5,2
-7.8,77,20,0,0,38.5,2
-7.7,78,19,1,0,39.0,2
-7.4,77,20,1,2,38.5,2
-7.1,77,20,0,2,38.5,2
-7.1,77,19,1,1,38.5,2
-6.8,79,22,2,2,39.5,2
-6.7,79,19,0,1,39.5,2
-6.7,80,15,2,0,40.0,2
-6.8,82,19,1,2,41.0,2
-6.5,82,15,1,0,41.0,2
-5.8,83,17,2,2,41.5,2
-5.8,81,19,0,2,40.5,2
-5.4,82,15,1,0,41.0,2
-5.5,81,13,1,0,40.5,2
-5.5,79,11,1,2,39.5,2
-5.7,80,15,2,1,40.0,2
-5.7,81,13,2,2,40.5,2
-5.8,82,9,1,2,41.0,1
-5.5,83,11,0,2,41.5,2
-5.0,81,11,2,0,40.5,2
-4.9,83,9,0,0,41.5,1
-4.9,82,6,2,2,41.0,1
-4.5,81,0,2,0,40.5,1
-4.3,81,0,0,0,40.5,1
-4.0,80,0,0,1,40.0,1
-3.9,81,6,0,1,40.5,1
-3.6,81,4,2,0,40.5,1
-4.3,80,15,0,0,40.0,2
-5.0,78,15,0,0,39.0,2
-4.9,78,0,0,1,39.0,1
-5.0,78,7,0,0,39.0,1
-5.5,75,9,0,2,37.5,1
-6.3,77,4,0,1,38.5,1
-5.6,76,6,0,0,38.0,1
-5.5,78,4,2,0,39.0,1
-5.2,72,9,0,2,36.0,1
-6.0,63,13,2,2,31.5,2
-6.9,63,22,1,0,31.5,2
-7.6,64,19,1,0,32.0,2
-7.7,63,19,2,0,31.5,2
-8.2,65,17,0,2,32.5,2
-8.3,62,19,2,0,31.0,2
-8.1,66,13,1,0,33.0,2
-7.4,66,9,2,0,33.0,1
-6.7,66,9,1,1,33.0,1
-6.7,65,9,2,0,32.5,1
-6.6,67,11,2,1,33.5,2
-7.1,68,13,2,2,34.0,2
-7.7,68,7,2,2,34.0,1
-7.0,66,6,2,1,33.0,1
-8.9,73,4,1,1,36.5,1
-7.2,74,4,2,1,37.0,1
-8.0,76,7,2,0,38.0,1
-7.2,74,7,2,0,37.0,1
-9.7,80,4,0,2,40.0,1
-11.0,82,0,1,2,41.0,1
-10.2,82,0,2,2,41.0,1
-11.6,82,0,1,2,41.0,1
-12.6,82,7,2,1,41.0,1
-11.2,85,9,0,0,42.5,1
-11.8,83,7,1,1,41.5,1
-11.3,82,9,0,2,41.0,1
-10.6,80,9,0,2,40.0,1
-8.8,78,6,2,2,39.0,1
-6.8,77,7,1,0,38.5,1
-6.3,75,11,1,1,37.5,2
-6.2,77,11,1,2,38.5,2
-4.8,76,6,1,0,38.0,1
-3.8,76,7,2,0,38.0,1
-2.9,69,19,2,1,34.5,2
-3.3,74,13,0,2,37.0,2
-3.4,76,11,2,1,38.0,2
-3.7,77,7,1,1,38.5,1
-3.8,77,9,2,1,38.5,1
-4.2,77,11,0,1,38.5,2
-4.7,78,7,1,1,39.0,1
-5.3,78,0,1,1,39.0,1
-3.7,80,6,0,2,40.0,1
-4.5,84,9,0,2,42.0,1
-4.5,85,11,1,2,42.5,2
-4.0,77,20,2,0,38.5,2
-4.9,65,15,2,2,32.5,2
-7.1,64,13,1,2,32.0,2
-8.1,66,15,1,0,33.0,2
-9.4,70,9,1,1,35.0,1
-11.0,74,7,2,1,37.0,1
-11.6,72,9,2,1,36.0,1
-9.6,70,13,1,2,35.0,2
-8.4,66,6,0,1,33.0,1
-7.6,62,0,1,1,31.0,1
-6.6,59,4,1,2,29.5,1
-6.3,60,13,2,2,30.0,2
-6.0,59,6,1,0,29.5,1
-5.4,57,11,2,0,28.5,2
-5.7,57,9,0,1,28.5,1
-6.2,56,11,1,0,28.0,2
-6.6,57,9,0,1,28.5,1
-7.7,61,7,1,0,30.5,1
-8.8,64,6,0,2,32.0,1
-9.9,69,6,2,1,34.5,1
-10.3,69,0,1,1,34.5,1
-10.1,71,0,1,1,35.5,1
-11.9,76,6,0,2,38.0,1
-12.1,79,6,2,0,39.5,1
-14.4,80,6,0,2,40.0,1
-12.9,79,6,0,1,39.5,1
-14.9,78,6,2,2,39.0,1
-14.2,79,7,0,2,39.5,1
-14.7,79,4,0,0,39.5,1
-15.7,78,4,1,0,39.0,1
-15.0,81,4,0,1,40.5,1
-13.5,81,0,1,2,40.5,1
-11.1,83,9,2,0,41.5,1
-10.5,86,11,0,1,43.0,2
-8.7,79,9,2,1,39.5,1
-7.2,68,13,1,1,34.0,2
-5.5,61,20,1,0,30.5,2
-5.3,62,15,1,0,31.0,2
-4.7,63,6,0,0,31.5,1
-4.2,64,9,1,1,32.0,1
-3.9,64,15,1,0,32.0,2
-3.1,66,15,0,0,33.0,2
-2.8,67,24,0,0,33.5,2
-2.5,67,26,0,0,33.5,2
-2.1,71,28,1,2,35.5,2
-1.5,73,30,1,2,36.5,2
-0.7,72,30,0,1,36.0,2
-0.8,72,24,0,1,36.0,2
0.1,70,32,2,0,35.0,2
0.1,78,30,2,1,39.0,2
0.8,72,35,0,2,36.0,2
1.0,70,26,0,2,35.0,2
1.1,71,32,2,0,35.5,2
1.2,71,37,0,0,35.5,2
1.1,70,33,1,2,35.0,2
1.1,71,32,1,0,35.5,2
1.4,71,32,1,0,35.5,2
1.9,71,35,0,1,35.5,2
2.6,70,22,0,2,35.0,2
2.6,67,32,2,1,33.5,2
3.0,63,33,0,1,31.5,2
3.3,62,30,0,1,31.0,2
3.3,63,17,2,1,31.5,2
2.9,66,13,0,1,33.0,2
3.2,65,11,2,2,32.5,2
3.1,66,13,0,2,33.0,2
2.6,69,11,0,2,34.5,2
3.0,69,15,0,2,34.5,2
2.7,68,13,0,0,34.0,2
2.2,69,13,1,1,34.5,2
1.9,69,13,1,2,34.5,2
1.8,68,15,0,0,34.0,2
1.5,65,15,1,2,32.5,2
0.8,65,19,2,0,32.5,2
-1.0,58,19,1,1,29.0,2
-1.9,61,15,2,2,30.5,2
-2.9,64,20,2,0,32.0,2
-5.5,57,17,2,2,28.5,2
-6.1,59,17,1,2,29.5,2
-6.2,57,19,0,0,28.5,2
-6.2,57,19,0,1,28.5,2
-6.0,54,11,1,2,27.0,2
-5.6,55,13,2,1,27.5,2
-5.2,49,15,1,2,24.5,2
-5.1,45,15,0,2,22.5,2
-4.8,43,19,1,0,21.5,2
-5.0,40,22,1,2,20.0,0
-5.9,39,19,0,2,19.5,2
-7.3,44,11,0,1,22.0,2
-8.2,46,9,2,0,23.0,1
-9.2,47,11,2,0,23.5,2
-9.6,47,13,0,1,23.5,2
-10.8,46,9,2,0,23.0,1
-11.8,47,9,0,0,23.5,1
-13.8,52,4,1,1,26.0,1
-11.9,48,9,2,0,24.0,1
-12.1,50,6,0,0,25.0,1
-12.4,51,11,1,1,25.5,2
-14.0,55,4,1,2,27.5,1
-12.6,49,0,0,0,24.5,1
-12.4,48,9,0,2,24.0,1
-11.7,59,15,1,2,29.5,2
-10.8,60,13,1,0,30.0,2
-9.6,64,15,0,0,32.0,2
-8.2,60,17,0,2,30.0,2
-6.3,56,17,1,0,28.0,2
-4.6,52,20,1,1,26.0,2
-3.3,47,32,0,0,23.5,0
-2.4,47,24,0,1,23.5,0
-1.8,43,32,1,2,21.5,0
-1.6,45,22,0,2,22.5,0
-2.1,47,17,0,1,23.5,2
-2.5,46,19,0,2,23.0,2
-3.2,49,22,0,2,24.5,0
-3.3,51,22,2,2,25.5,2
-3.1,57,26,2,1,28.5,2
-3.6,68,17,1,1,34.0,2
-3.6,71,20,2,2,35.5,2
-4.0,72,13,0,1,36.0,2
-3.4,71,13,2,1,35.5,2
-3.9,73,11,1,2,36.5,2
-3.5,72,24,1,0,36.0,2
-3.4,70,26,1,2,35.0,2
-4.1,73,20,2,0,36.5,2
-4.9,73,20,2,2,36.5,2
-5.4,75,17,2,1,37.5,2
-4.9,74,20,1,2,37.0,2
-3.5,71,22,0,1,35.5,2
-2.5,67,28,0,2,33.5,2
-1.2,63,24,1,2,31.5,2
-0.1,58,24,1,0,29.0,2
0.7,56,26,1,2,28.0,2
1.5,56,30,1,2,28.0,2
2.4,53,24,0,0,26.5,2
2.7,51,22,2,2,25.5,2
2.0,54,20,2,1,27.0,2
1.6,54,22,0,1,27.0,2
0.4,63,20,2,0,31.5,2
0.5,59,17,0,2,29.5,2
0.2,65,22,2,0,32.5,2
0.8,67,28,0,1,33.5,2
0.1,69,26,2,2,34.5,2
0.4,75,22,1,2,37.5,2
0.1,73,19,1,0,36.5,2
0.0,73,22,2,0,36.5,2
-1.0,78,17,0,0,39.0,2
-0.8,77,20,2,0,38.5,2
-0.8,77,22,2,2,38.5,2
-0.7,78,22,1,2,39.0,2
-0.5,78,20,0,0,39.0,2
-0.9,78,17,1,1,39.0,2
-0.1,78,19,2,1,39.0,2
0.9,71,28,1,0,35.5,2
1.4,67,20,0,0,33.5,2
1.4,68,24,2,1,34.0,2
1.3,64,24,2,0,32.0,2
1.1,71,30,1,2,35.5,2
1.3,68,28,0,0,34.0,2
1.0,69,30,0,1,34.5,2
0.9,66,22,0,1,33.0,2
0.4,68,17,0,2,34.0,2
0.0,68,17,0,1,34.0,2
-0.2,69,15,2,0,34.5,2
-0.4,73,13,2,2,36.5,2
-0.7,84,11,0,2,42.0,2
-0.9,90,6,0,0,45.0,1
-1.4,94,9,2,1,47.0,1
-7.4,89,24,2,1,44.5,2
-8.6,83,30,0,1,41.5,2
-9.5,79,22,0,1,39.5,2
-10.8,81,22,2,0,40.5,2
-11.5,79,20,1,0,39.5,2
-12.2,81,24,1,0,40.5,2
-13.0,80,20,1,1,40.0,2
-13.7,75,20,2,0,37.5,2
-13.7,64,20,2,0,32.0,2
-13.4,64,19,2,2,32.0,2
-13.1,62,11,1,2,31.0,2
-12.8,70,9,0,2,35.0,1
-12.1,70,7,2,2,35.0,1
-11.3,61,6,2,0,30.5,1
-10.8,52,11,2,1,26.0,2
-10.4,52,6,1,2,26.0,1
-10.5,59,4,0,1,29.5,1
-12.8,66,4,1,0,33.0,1
-14.0,54,7,1,0,27.0,1
-14.4,63,9,1,2,31.5,1
-13.9,68,7,2,2,34.0,1
-13.5,68,6,1,1,34.0,1
-14.5,59,13,0,1,29.5,2
-15.0,53,11,0,2,26.5,2
-15.3,51,11,0,2,25.5,2
-15.9,51,6,0,1,25.5,1
-16.8,54,9,1,2,27.0,1
-16.6,54,11,0,2,27.0,2
-16.4,58,11,0,0,29.0,2
-16.7,57,15,1,1,28.5,2
-16.7,56,19,1,1,28.0,2
-16.9,54,17,2,1,27.0,2
-16.7,50,17,1,0,25.0,2
-16.6,48,17,1,0,24.0,2
-16.1,45,20,2,0,22.5,2
-14.8,46,24,2,0,23.0,0
-13.9,45,20,1,1,22.5,2
-13.2,44,26,2,1,22.0,0
-12.5,42,28,0,2,21.0,0
-12.0,44,32,1,1,22.0,0
-12.0,43,26,2,2,21.5,0
-12.3,52,24,2,0,26.0,2
-11.9,54,24,2,1,27.0,2
-11.3,53,22,2,1,26.5,2
-10.8,52,24,1,2,26.0,2
-10.6,55,26,2,0,27.5,2
-10.3,56,20,2,2,28.0,2
-10.0,60,19,2,0,30.0,2
-9.4,56,22,0,2,28.0,2
-8.8,57,24,0,1,28.5,2
-8.8,63,20,1,1,31.5,2
-8.4,61,20,1,2,30.5,2
-8.0,57,22,0,1,28.5,2
-7.9,59,22,0,0,29.5,2
-7.9,59,22,2,1,29.5,2
-8.0,65,24,2,1,32.5,2
-7.5,57,20,0,0,28.5,2
-6.8,37,26,1,0,18.5,0
-6.5,60,20,0,2,30.0,2
-5.2,54,17,1,2,27.0,2
-4.9,49,24,0,0,24.5,0
-4.3,49,22,2,2,24.5,0
-3.4,50,24,1,1,25.0,2
-3.4,48,24,2,1,24.0,0
-3.6,45,15,0,0,22.5,2
-4.9,51,0,1,1,25.5,1
-5.6,61,15,1,1,30.5,2
-7.2,69,7,1,2,34.5,1
-7.5,70,11,2,2,35.0,2
-9.0,73,13,0,0,36.5,2
-10.8,72,19,2,2,36.0,2
-11.8,73,15,1,2,36.5,2
-11.9,72,13,2,1,36.0,2
-12.9,66,11,1,2,33.0,2
-13.2,61,9,2,1,30.5,1
-13.4,61,11,0,0,30.5,2
-13.4,59,4,2,1,29.5,1
-14.2,64,6,2,2,32.0,1
-13.7,59,7,2,0,29.5,1
-13.6,58,9,2,0,29.0,1
-11.6,59,4,0,1,29.5,1
-8.8,64,4,1,2,32.0,1
-5.0,65,0,1,1,32.5,1
-3.2,68,4,1,2,34.0,1
-2.1,72,4,0,1,36.0,1
0.1,68,9,0,1,34.0,1
1.1,62,9,2,2,31.0,1
2.3,59,7,0,2,29.5,1
1.1,70,9,1,1,35.0,1
1.3,68,9,0,0,34.0,1
1.8,56,7,1,2,28.0,1
-0.2,69,4,0,1,34.5,1
-0.6,67,7,0,2,33.5,1
-0.5,68,0,1,0,34.0,1
-1.2,72,0,1,0,36.0,1
-1.9,76,4,0,0,38.0,1
-1.8,78,4,0,2,39.0,1
-1.2,74,0,2,1,37.0,1
-1.6,75,4,1,1,37.5,1
-0.7,81,0,2,2,40.5,1
-1.3,88,7,0,1,44.0,1
-1.0,91,0,1,2,45.5,1
-0.3,91,4,0,0,45.5,1
0.1,89,4,1,2,44.5,1
0.6,88,4,0,0,44.0,1
1.0,88,0,2,1,44.0,1
2.0,85,0,2,0,42.5,1
2.1,84,0,2,2,42.0,1
1.7,87,6,1,0,43.5,1
1.5,90,7,1,2,45.0,1
1.9,88,6,1,0,44.0,1
2.2,87,6,2,0,43.5,1
2.1,88,6,1,2,44.0,1
1.5,91,7,0,1,45.5,1
1.5,91,7,1,1,45.5,1
1.5,91,7,2,0,45.5,1
1.3,92,13,2,1,46.0,2
1.2,92,7,0,1,46.0,1
1.4,90,7,1,2,45.0,1
0.8,92,9,1,1,46.0,1
1.1,89,7,0,2,44.5,1
0.7,90,4,0,2,45.0,1
0.7,90,6,2,0,45.0,1
0.9,89,7,1,0,44.5,1
0.7,89,4,0,0,44.5,1
1.3,85,6,1,0,42.5,1
1.7,83,7,0,0,41.5,1
1.2,84,7,2,1,42.0,1
1.8,80,0,0,1,40.0,1
2.7,76,11,0,2,38.0,2
3.3,68,11,0,0,34.0,2
3.6,62,19,0,0,31.0,2
3.3,65,19,0,2,32.5,2
3.5,64,19,1,2,32.0,2
3.6,63,19,2,2,31.5,2
3.7,64,15,2,0,32.0,2
3.6,63,15,0,2,31.5,2
3.0,69,19,0,1,34.5,2
2.5,75,17,1,0,37.5,2
1.7,84,17,0,1,42.0,2
1.5,87,15,0,0,43.5,2
1.5,86,17,1,1,43.0,2
1.3,89,19,0,2,44.5,2
1.3,89,19,1,1,44.5,2
1.3,90,19,2,0,45.0,2
1.3,92,17,0,2,46.0,2
1.4,92,19,2,2,46.0,2
2.3,92,20,0,2,46.0,2
2.8,92,24,0,1,46.0,2
3.0,86,30,0,1,43.0,2
3.0,79,24,2,2,39.5,2
2.8,75,32,0,0,37.5,2
2.3,71,32,1,0,35.5,2
2.5,67,41,2,2,33.5,2
2.6,62,32,1,1,31.0,2
2.6,61,24,1,2,30.5,2
3.0,59,22,0,1,29.5,2
3.5,53,28,0,2,26.5,2
3.0,58,30,2,1,29.0,2
3.1,56,26,2,1,28.0,2
2.6,62,26,1,2,31.0,2
2.3,64,22,0,2,32.0,2
2.0,67,28,1,0,33.5,2
1.8,68,24,0,2,34.0,2
1.7,68,19,1,2,34.0,2
1.2,69,15,0,2,34.5,2
0.9,69,26,2,2,34.5,2
0.7,71,24,2,0,35.5,2
0.7,68,22,0,2,34.0,2
0.3,71,22,1,0,35.5,2
0.3,69,26,2,2,34.5,2
-0.3,71,22,0,2,35.5,2
-0.6,72,19,0,1,36.0,2
-0.2,70,20,1,2,35.0,2
-0.6,71,24,0,0,35.5,2
-0.6,70,19,2,2,35.0,2
-0.6,70,24,2,1,35.0,2
0.1,67,24,1,0,33.5,2
0.5,66,17,1,0,33.0,2
1.1,60,15,2,0,30.0,2
1.8,56,20,1,2,28.0,2
1.2,61,15,2,1,30.5,2
1.5,58,19,0,1,29.0,2
1.5,56,19,1,1,28.0,2
1.0,59,13,2,1,29.5,2
0.8,56,15,1,1,28.0,2
-0.6,58,11,0,1,29.0,2
-1.7,63,11,2,1,31.5,2
-2.4,65,9,2,2,32.5,1
-3.5,69,9,2,2,34.5,1
-3.9,69,9,0,1,34.5,1
-3.9,69,13,2,0,34.5,2
-4.5,66,19,1,2,33.0,2
-5.2,68,9,2,2,34.0,1
-6.0,72,0,0,1,36.0,1
-5.8,69,7,1,2,34.5,1
-5.9,74,9,0,1,37.0,1
-6.7,76,6,1,2,38.0,1
-6.3,72,7,1,2,36.0,1
-5.8,73,7,0,0,36.5,1
-5.2,71,9,0,0,35.5,1
-4.7,68,15,0,2,34.0,2
-4.0,68,17,0,2,34.0,2
-3.2,64,17,2,2,32.0,2
-2.7,64,19,0,1,32.0,2
-2.3,58,15,1,0,29.0,2
-1.6,56,17,2,1,28.0,2
-1.6,54,20,0,1,27.0,2
-2.1,56,15,2,2,28.0,2
-2.9,59,13,1,1,29.5,2
-3.2,59,15,1,1,29.5,2
-3.8,62,13,1,2,31.0,2
-4.8,67,11,2,1,33.5,2
-5.4,69,9,2,1,34.5,1
-6.3,65,7,0,0,32.5,1
-6.7,64,4,0,0,32.0,1
-7.6,67,0,0,2,33.5,1
-8.8,76,4,1,0,38.0,1
-8.8,73,7,0,0,36.5,1
-9.8,77,6,2,0,38.5,1
-10.2,75,6,0,1,37.5,1
-10.7,75,4,1,0,37.5,1
-11.0,76,4,0,1,38.0,1
-9.9,70,4,1,0,35.0,1
-8.7,65,6,1,0,32.5,1
-8.0,64,9,1,1,32.0,1
-7.1,61,9,0,2,30.5,1
-6.0,62,11,2,1,31.0,2
-4.7,58,20,0,1,29.0,2
-3.1,57,17,1,2,28.5,2
-2.0,56,19,0,0,28.0,2
-1.8,60,20,0,1,30.0,2
-1.9,59,17,0,2,29.5,2
-3.2,65,9,1,1,32.5,1
-3.6,68,7,1,2,34.0,1
-4.0,68,6,0,0,34.0,1
-3.5,66,6,0,0,33.0,1
-3.3,66,0,0,1,33.0,1
-5.8,76,4,2,2,38.0,1
-4.0,73,9,1,2,36.5,1
-4.3,73,6,2,0,36.5,1
-4.1,74,7,1,1,37.0,1
-5.3,76,4,0,2,38.0,1
-5.2,79,4,2,1,39.5,1
-6.1,82,7,0,1,41.0,1
-6.1,81,6,2,1,40.5,1
-6.2,80,7,0,2,40.0,1
-5.0,78,7,1,0,39.0,1
-3.1,73,9,0,0,36.5,1
-1.4,66,11,1,2,33.0,2
-0.1,63,15,0,2,31.5,2
0.0,60,19,0,0,30.0,2
1.0,59,24,1,2,29.5,2
1.9,55,22,1,0,27.5,2
2.2,55,19,2,0,27.5,2
2.0,56,17,0,1,28.0,2
2.2,53,9,2,2,26.5,1
1.9,55,9,2,1,27.5,1
2.1,53,0,1,0,26.5,1
-0.2,71,4,1,0,35.5,1
-0.5,72,6,0,2,36.0,1
-0.6,75,6,2,2,37.5,1
0.5,70,0,0,0,35.0,1
0.5,83,19,2,0,41.5,2
0.8,80,15,1,0,40.0,2
1.4,75,19,0,1,37.5,2
1.3,82,20,2,1,41.0,2
1.2,85,15,1,1,42.5,2
1.4,87,15,2,0,43.5,2
1.5,88,13,0,2,44.0,2
1.6,90,15,1,2,45.0,2
2.6,89,17,2,1,44.5,2
2.9,85,26,2,0,42.5,2
4.0,82,28,0,1,41.0,2
4.6,74,26,0,0,37.0,2
5.2,66,28,0,0,33.0,2
5.8,61,22,1,2,30.5,2
6.1,59,17,1,1,29.5,2
5.4,62,28,0,2,31.0,2
2.9,83,19,1,2,41.5,2
2.6,84,19,2,1,42.0,2
2.4,83,9,0,1,41.5,1
1.9,86,6,1,2,43.0,1
1.6,84,13,1,1,42.0,2
2.3,79,15,0,1,39.5,2
2.7,78,15,0,1,39.0,2
2.6,77,13,1,1,38.5,2
2.3,79,20,1,2,39.5,2
1.7,82,11,0,2,41.0,2
1.1,85,7,1,2,42.5,1
0.6,89,6,2,0,44.5,1
0.5,90,4,1,0,45.0,1
0.4,90,4,2,1,45.0,1
0.5,89,9,2,1,44.5,1
0.6,89,7,1,2,44.5,1
0.4,86,7,1,2,43.0,1
1.1,81,17,0,2,40.5,2
1.6,78,19,2,0,39.0,2
2.3,74,22,1,2,37.0,2
2.1,73,20,2,0,36.5,2
2.1,74,20,0,0,37.0,2
1.4,81,13,2,1,40.5,2
1.9,76,22,1,2,38.0,2
2.7,70,22,1,0,35.0,2
2.3,64,24,2,1,32.0,2
1.6,67,15,0,2,33.5,2
1.6,62,19,2,0,31.0,2
1.1,64,15,1,1,32.0,2
0.5,66,13,0,2,33.0,2
-0.2,68,9,2,2,34.0,1
-1.0,73,7,2,2,36.5,1
-0.9,73,6,0,2,36.5,1
-1.7,78,4,2,2,39.0,1
-1.8,76,0,0,0,38.0,1
-3.8,84,0,0,0,42.0,1
-2.8,85,0,0,2,42.5,1
-3.1,86,0,0,1,43.0,1
-3.0,85,6,2,2,42.5,1
-1.3,83,11,2,2,41.5,2
-0.7,81,9,1,0,40.5,1
0.3,77,7,0,1,38.5,1
0.7,76,9,1,2,38.0,1
0.9,74,15,1,0,37.0,2
1.1,72,20,2,2,36.0,2
1.0,72,20,2,1,36.0,2
1.1,72,20,2,1,36.0,2
1.0,77,19,2,0,38.5,2
-0.1,90,22,1,2,45.0,2
-0.1,90,26,0,2,45.0,2
0.0,90,24,1,0,45.0,2
0.0,91,22,1,1,45.5,2
0.0,92,15,2,0,46.0,2
0.3,90,17,0,0,45.0,2
0.6,90,19,1,0,45.0,2
0.8,91,17,2,1,45.5,2
1.0,89,11,2,2,44.5,2
0.8,90,15,0,0,45.0,2
0.4,91,11,1,0,45.5,2
0.7,90,19,0,0,45.0,2
0.4,90,19,0,0,45.0,2
0.6,88,22,0,1,44.0,2
0.0,89,33,1,2,44.5,2
-1.4,89,33,2,2,44.5,2
-1.8,90,32,0,2,45.0,2
-1.4,89,33,0,1,44.5,2
-1.7,89,32,1,2,44.5,2
-2.1,90,33,1,2,45.0,2
-2.5,88,33,2,1,44.0,2
-2.7,84,32,2,1,42.0,2
-3.2,79,35,0,0,39.5,2
-3.3,73,33,0,2,36.5,2
-3.6,75,24,1,1,37.5,2
-3.2,67,24,0,0,33.5,2
-3.6,66,30,1,2,33.0,2
-4.7,64,35,0,2,32.0,2
-5.3,63,26,1,0,31.5,2
-5.6,65,32,0,1,32.5,2
-6.6,61,28,0,0,30.5,2
-7.6,61,26,0,1,30.5,2
-8.3,62,19,2,1,31.0,2
-9.0,64,20,0,0,32.0,2
-9.2,65,22,0,1,32.5,2
-9.9,66,28,2,0,33.0,2
-10.8,69,30,2,2,34.5,2
-11.6,70,20,0,2,35.0,2
-11.3,64,22,1,1,32.0,2
-12.1,62,22,0,2,31.0,2
-12.1,61,26,1,0,30.5,2
-11.6,56,32,0,0,28.0,2
-11.2,47,22,1,0,23.5,0
-10.1,44,26,0,2,22.0,0
-9.3,47,28,2,2,23.5,0
-8.3,48,26,1,2,24.0,0
-7.6,46,28,0,0,23.0,0
-7.1,48,26,0,1,24.0,0
-6.8,46,24,2,0,23.0,0
-7.6,46,24,1,1,23.0,0
-7.9,49,19,1,1,24.5,2
-7.8,48,13,1,0,24.0,2
-7.9,50,11,2,0,25.0,2
-8.5,52,9,1,2,26.0,1
-8.6,53,0,1,1,26.5,1
-9.5,58,0,0,1,29.0,1
-8.2,52,7,0,2,26.0,1
-8.6,57,4,2,1,28.5,1
-8.5,63,13,1,1,31.5,2
-8.3,65,9,0,2,32.5,1
-8.2,61,9,2,0,30.5,1
-8.4,58,13,1,2,29.0,2
-9.0,61,17,2,2,30.5,2
-9.4,66,20,1,0,33.0,2
-9.8,67,19,0,0,33.5,2
-9.4,64,22,1,2,32.0,2
-8.7,62,22,1,0,31.0,2
-8.7,64,28,1,2,32.0,2
-6.3,60,15,1,0,30.0,2
-4.9,59,19,2,2,29.5,2
-5.5,63,22,1,2,31.5,2
-5.1,72,20,2,1,36.0,2
-4.9,79,19,1,1,39.5,2
-5.2,81,20,1,1,40.5,2
-6.3,82,24,2,1,41.0,2
-7.1,82,22,0,0,41.0,2
-7.2,83,9,0,0,41.5,1
-7.3,83,4,2,2,41.5,1
-7.1,82,0,1,0,41.0,1
-6.8,84,4,0,1,42.0,1
-6.7,84,0,1,2,42.0,1
-6.5,84,0,2,0,42.0,1
-6.6,84,0,2,1,42.0,1
-5.9,83,9,0,1,41.5,1
-5.5,81,15,0,2,40.5,2
-5.4,72,20,1,1,36.0,2
-6.9,77,22,0,1,38.5,2
-8.1,66,19,2,1,33.0,2
-8.4,66,19,2,0,33.0,2
-8.3,64,20,2,2,32.0,2
-7.5,62,13,1,2,31.0,2
-6.5,59,9,0,0,29.5,1
-5.8,55,11,1,2,27.5,2
-5.5,59,17,1,0,29.5,2
-4.8,57,15,0,0,28.5,2
-4.2,55,19,2,0,27.5,2
-4.3,53,17,0,0,26.5,2
-4.4,53,15,0,2,26.5,2
-5.3,57,17,0,2,28.5,2
-5.9,58,7,1,0,29.0,1
-6.8,59,11,0,0,29.5,2
-8.7,62,11,2,2,31.0,2
-8.3,63,0,0,0,31.5,1
-10.0,65,9,2,0,32.5,1
-8.2,64,9,2,0,32.0,1
-9.5,65,4,2,0,32.5,1
-9.7,71,4,1,2,35.5,1
-11.5,77,0,1,2,38.5,1
-10.3,73,7,1,1,36.5,1
-13.1,79,0,0,1,39.5,1
-12.2,78,0,1,1,39.0,1
-11.7,79,9,0,1,39.5,1
-10.6,78,11,2,1,39.0,2
-8.5,74,11,0,1,37.0,2
-6.6,68,17,2,1,34.0,2
-4.7,54,15,0,0,27.0,2
-3.9,52,17,1,1,26.0,2
-2.9,54,11,2,1,27.0,2
-2.9,51,13,0,1,25.5,2
-3.1,52,20,0,2,26.0,2
-3.6,56,26,1,0,28.0,2
-4.1,54,28,1,1,27.0,2
-4.7,53,28,1,0,26.5,2
-4.6,51,30,0,1,25.5,2
-4.5,51,30,1,2,25.5,2
-4.6,53,26,0,0,26.5,2
-4.5,54,30,1,0,27.0,2
-5.1,62,30,0,1,31.0,2
-5.5,72,24,2,1,36.0,2
-5.7,79,26,1,2,39.5,2
-5.4,80,28,2,2,40.0,2
-4.7,79,28,0,1,39.5,2
-5.4,83,35,2,2,41.5,2
-5.3,82,33,1,2,41.0,2
-5.2,82,33,1,1,41.0,2
-4.9,83,30,0,1,41.5,2
-5.0,83,32,1,1,41.5,2
-4.9,82,32,2,1,41.0,2
-4.7,82,32,1,0,41.0,2
-4.4,83,28,2,0,41.5,2
-4.3,83,30,1,2,41.5,2
-4.3,82,28,0,2,41.0,2
-3.9,81,28,1,2,40.5,2
-3.3,80,24,0,1,40.0,2
-2.7,80,19,1,2,40.0,2
-2.9,80,20,0,0,40.0,2
-3.0,80,19,2,1,40.0,2
-3.6,81,17,2,1,40.5,2
-3.7,81,20,2,2,40.5,2
-3.9,81,22,2,0,40.5,2
-4.3,82,22,0,2,41.0,2
-4.3,81,22,0,1,40.5,2
-4.8,83,22,2,2,41.5,2
-5.3,82,20,2,1,41.0,2
-5.2,82,19,2,1,41.0,2
-5.5,83,19,1,0,41.5,2
-5.6,82,24,2,0,41.0,2
-5.5,81,19,0,2,40.5,2
-5.6,79,19,0,2,39.5,2
-5.7,79,22,0,2,39.5,2
-5.7,79,17,1,0,39.5,2
-6.1,84,13,1,0,42.0,2
-5.9,83,15,1,0,41.5,2
-5.5,86,15,1,0,43.0,2
-5.2,86,13,0,0,43.0,2
-4.6,87,13,1,2,43.5,2
-4.1,86,15,1,1,43.0,2
-3.3,83,15,1,2,41.5,2
-2.9,83,15,2,2,41.5,2
-2.7,84,15,0,2,42.0,2
-2.4,84,20,1,0,42.0,2
-1.8,84,17,2,0,42.0,2
-2.3,84,15,0,0,42.0,2
-1.4,82,15,1,0,41.0,2
0.2,72,13,0,0,36.0,2
0.5,74,17,0,2,37.0,2
1.0,73,22,2,1,36.5,2
1.2,75,19,1,0,37.5,2
-0.6,84,19,0,1,42.0,2
-0.3,86,22,2,0,43.0,2
0.3,86,24,0,1,43.0,2
0.8,85,41,0,2,42.5,2
1.5,80,43,2,0,40.0,2
2.0,77,41,0,2,38.5,2
2.7,74,32,2,0,37.0,2
3.0,75,37,1,1,37.5,2
3.7,79,15,0,2,39.5,2
4.0,71,32,1,0,35.5,2
5.2,55,37,1,2,27.5,2
5.8,49,50,0,2,24.5,0
6.5,42,48,2,1,21.0,0
5.3,45,57,0,2,22.5,0
5.0,48,63,0,0,24.0,0
4.3,51,57,2,0,25.5,2
3.7,56,48,2,2,28.0,2
3.4,58,44,0,2,29.0,2
3.2,60,50,2,0,30.0,2
2.9,62,46,1,2,31.0,2
2.8,64,57,2,1,32.0,2
2.3,67,33,1,1,33.5,2
0.5,68,32,1,2,34.0,2
-0.8,68,24,1,0,34.0,2
-1.8,64,26,2,1,32.0,2
-2.1,63,19,2,2,31.5,2
-2.9,63,20,0,2,31.5,2
-4.3,62,19,2,2,31.0,2
-4.8,59,17,2,1,29.5,2
-5.7,58,22,1,0,29.0,2
-5.9,54,13,2,1,27.0,2
-6.3,57,15,2,0,28.5,2
-6.3,57,17,1,0,28.5,2
-6.5,55,17,2,2,27.5,2
-5.8,57,19,1,0,28.5,2
-5.5,56,19,2,0,28.0,2
-5.7,55,19,2,0,27.5,2
-5.6,54,22,0,2,27.0,2
-5.5,54,20,2,1,27.0,2
-6.9,54,22,1,2,27.0,2
-7.9,53,28,2,0,26.5,2
-7.9,54,22,0,0,27.0,2
-8.5,61,24,2,2,30.5,2
-9.0,69,15,2,2,34.5,2
-10.1,65,17,1,0,32.5,2
-11.1,65,24,0,0,32.5,2
-12.4,66,19,2,0,33.0,2
-13.6,66,24,2,2,33.0,2
-14.5,52,24,1,2,26.0,2
-15.0,58,22,2,1,29.0,2
-15.5,58,26,2,0,29.0,2
-15.9,59,20,2,1,29.5,2
-16.2,58,26,0,2,29.0,2
-16.2,59,22,2,0,29.5,2
-15.7,56,24,1,0,28.0,2
-15.1,55,24,0,1,27.5,2
-14.4,55,26,2,0,27.5,2
-13.4,54,26,2,2,27.0,2
-12.2,53,6,0,1,26.5,1
-11.3,51,24,2,1,25.5,2
-10.8,47,28,2,1,23.5,0
-10.0,49,30,1,1,24.5,0
-9.9,48,26,0,0,24.0,0
-9.5,47,24,1,2,23.5,0
-9.8,47,22,2,1,23.5,0
-10.1,48,20,1,2,24.0,2
-10.5,49,17,2,2,24.5,2
-11.0,49,17,0,2,24.5,2
-11.6,49,15,0,1,24.5,2
-12.6,53,11,0,1,26.5,2
-13.4,55,11,1,0,27.5,2
-13.4,56,11,1,1,28.0,2
-13.7,55,4,2,1,27.5,1
-14.8,59,9,0,2,29.5,1
-14.5,57,9,1,2,28.5,1
-14.6,58,13,2,2,29.0,2
-15.3,60,11,1,0,30.0,2
-14.8,61,11,2,1,30.5,2
-13.0,59,0,1,1,29.5,1
-11.3,52,6,1,0,26.0,1
-10.0,57,9,1,1,28.5,1
-9.0,49,15,0,1,24.5,2
-7.8,55,13,0,2,27.5,2
-6.7,48,9,1,2,24.0,1
-5.8,45,9,2,1,22.5,1
-5.3,44,6,2,0,22.0,1
-4.9,41,11,0,1,20.5,2
-4.8,44,6,0,1,22.0,1
-6.3,52,6,0,0,26.0,1
-5.4,53,11,1,1,26.5,2
-5.3,52,9,2,2,26.0,1
-5.4,49,9,0,2,24.5,1
-5.0,45,9,1,2,22.5,1
-4.5,41,6,0,2,20.5,1
-3.6,47,6,2,1,23.5,1
-3.9,56,9,2,0,28.0,1
-5.7,62,17,0,2,31.0,2
-5.3,61,13,1,1,30.5,2
-5.2,63,15,2,0,31.5,2
-5.3,63,17,2,0,31.5,2
-4.3,63,15,2,0,31.5,2
-3.9,67,11,0,0,33.5,2
-4.6,69,11,1,1,34.5,2
-2.5,67,11,1,0,33.5,2
-0.1,62,6,1,1,31.0,1
3.0,57,6,1,2,28.5,1
6.4,49,4,1,2,24.5,1
8.9,39,13,0,1,19.5,2
9.3,39,13,0,1,19.5,2
9.7,42,13,1,0,21.0,2
11.4,38,15,1,0,19.0,2
9.9,44,9,0,1,22.0,1
5.5,60,7,0,0,30.0,1
6.0,57,11,1,1,28.5,2
7.6,50,20,1,0,25.0,2
6.8,53,22,0,1,26.5,2
6.0,58,17,2,1,29.0,2
4.8,63,15,1,0,31.5,2
6.2,58,20,2,1,29.0,2
5.5,61,11,1,1,30.5,2
7.9,53,17,1,2,26.5,2
10.1,46,24,1,1,23.0,0
10.0,47,28,1,0,23.5,0
5.7,63,19,2,2,31.5,2
7.6,57,19,0,0,28.5,2
10.3,52,26,0,2,26.0,2
6.7,63,19,2,0,31.5,2
10.2,55,26,0,2,27.5,2
12.1,53,30,0,0,26.5,2
12.7,55,26,0,1,27.5,2
11.7,59,20,0,1,29.5,2
11.5,65,20,0,0,32.5,2
11.7,68,26,1,2,34.0,2
11.7,71,37,2,2,35.5,2
11.6,70,32,0,1,35.0,2
11.3,74,37,0,1,37.0,2
10.5,83,46,0,1,41.5,2
6.1,82,30,1,2,41.0,2
5.0,79,41,0,2,39.5,2
3.7,82,41,0,1,41.0,2
2.0,83,46,2,1,41.5,2
0.8,85,35,1,2,42.5,2
-0.1,87,28,0,2,43.5,2
0.0,76,22,2,2,38.0,2
-1.2,67,20,2,0,33.5,2
-2.6,64,24,2,1,32.0,2
-3.9,69,11,2,1,34.5,2
-3.9,67,20,0,2,33.5,2
-4.3,70,15,2,2,35.0,2
-5.0,70,15,1,0,35.0,2
-4.7,65,15,1,2,32.5,2
-4.0,66,20,0,2,33.0,2
-3.7,61,19,2,0,30.5,2
-3.0,58,17,1,0,29.0,2
-2.1,62,20,2,1,31.0,2
-1.5,57,15,1,1,28.5,2
-1.0,61,19,1,0,30.5,2
-1.1,60,17,1,2,30.0,2
-0.7,56,11,0,1,28.0,2
-0.9,59,7,1,1,29.5,1
-2.0,60,7,2,2,30.0,1
-2.6,65,4,0,2,32.5,1
-2.0,59,4,0,2,29.5,1
-1.9,60,6,1,2,30.0,1
-2.2,60,7,0,0,30.0,1
-2.6,63,6,1,0,31.5,1
-2.2,61,4,2,2,30.5,1
-2.7,64,15,0,1,32.0,2
-3.8,59,19,1,2,29.5,2
-4.1,51,24,0,1,25.5,2
-5.7,56,26,0,1,28.0,2
-6.4,55,20,2,0,27.5,2
-6.8,56,26,1,0,28.0,2
-7.1,55,20,1,1,27.5,2
-6.8,54,19,2,1,27.0,2
-6.3,54,15,2,2,27.0,2
-6.1,51,6,1,2,25.5,1
-4.0,49,0,0,2,24.5,1
-4.1,54,7,2,1,27.0,1
-3.2,53,7,2,2,26.5,1
-2.6,52,15,0,1,26.0,2
-2.7,56,11,1,2,28.0,2
-1.8,52,13,0,1,26.0,2
-1.6,53,17,2,0,26.5,2
-2.1,54,9,0,0,27.0,1
-1.9,56,9,1,1,28.0,1
-2.3,65,11,2,0,32.5,2
-2.3,64,11,0,1,32.0,2
-2.0,68,11,1,0,34.0,2
-1.7,67,7,1,0,33.5,1
-3.1,73,7,1,0,36.5,1
-3.2,76,7,1,0,38.0,1
-3.1,74,7,1,2,37.0,1
-2.2,70,17,1,2,35.0,2
-1.7,68,13,2,2,34.0,2
-2.1,69,11,1,0,34.5,2
-1.5,68,7,1,0,34.0,1
-1.8,68,11,1,0,34.0,2
0.1,63,7,0,2,31.5,1
2.7,53,7,2,0,26.5,1
3.8,50,13,2,0,25.0,2
5.9,48,11,0,2,24.0,2
6.8,49,24,1,2,24.5,0
9.0,46,20,0,1,23.0,2
9.5,46,24,0,2,23.0,0
10.5,44,20,0,0,22.0,2
10.9,45,15,2,0,22.5,2
10.7,45,11,2,1,22.5,2
9.1,49,7,2,0,24.5,1
7.4,54,6,1,2,27.0,1
4.8,64,9,1,2,32.0,1
4.8,63,13,0,0,31.5,2
5.2,60,6,2,1,30.0,1
6.1,56,7,2,0,28.0,1
6.0,57,20,1,0,28.5,2
5.2,61,17,1,0,30.5,2
4.6,62,9,2,0,31.0,1
1.5,73,11,2,2,36.5,2
1.8,73,4,1,0,36.5,1
2.3,74,9,1,2,37.0,1
3.1,70,11,2,0,35.0,2
2.6,70,4,0,2,35.0,1
4.4,68,6,0,1,34.0,1
6.5,62,0,0,2,31.0,1
8.3,57,9,0,1,28.5,1
10.6,49,6,2,1,24.5,1
10.8,49,9,0,0,24.5,1
11.6,47,13,0,2,23.5,2
12.3,47,6,1,2,23.5,1
12.4,44,4,0,0,22.0,1
11.8,48,4,1,0,24.0,1
11.6,48,6,1,0,24.0,1
9.0,58,13,2,1,29.0,2
8.7,59,13,2,0,29.5,2
9.2,58,13,2,0,29.0,2
8.4,60,13,2,2,30.0,2
7.9,60,11,1,1,30.0,2
6.6,61,11,2,1,30.5,2
7.5,56,13,1,0,28.0,2
5.1,65,13,2,0,32.5,2
4.8,66,6,0,2,33.0,1
4.6,71,15,0,0,35.5,2
6.5,68,7,1,2,34.0,1
5.8,72,6,0,0,36.0,1
7.4,68,9,0,1,34.0,1
4.0,81,11,1,1,40.5,2
5.5,83,7,0,1,41.5,1
4.4,86,17,0,0,43.0,2
3.5,87,11,0,0,43.5,2
3.5,87,11,2,2,43.5,2
3.9,89,9,1,1,44.5,1
4.9,87,7,2,2,43.5,1
6.5,87,7,0,0,43.5,1
5.3,87,11,0,2,43.5,2
5.5,83,11,2,0,41.5,2
4.9,83,17,0,1,41.5,2
4.0,84,13,1,0,42.0,2
3.1,85,17,1,1,42.5,2
2.6,85,17,1,2,42.5,2
1.1,86,20,0,2,43.0,2
1.4,86,6,1,0,43.0,1
1.1,86,9,1,0,43.0,1
0.7,88,7,0,2,44.0,1
0.7,89,7,2,1,44.5,1
0.6,89,7,2,1,44.5,1
0.8,92,6,0,0,46.0,1
0.8,90,4,1,1,45.0,1
0.7,89,6,2,2,44.5,1
0.6,90,7,2,2,45.0,1
0.8,92,6,2,0,46.0,1
1.1,92,6,0,0,46.0,1
1.6,92,7,2,1,46.0,1
1.1,96,7,2,2,48.0,1
0.4,98,6,0,2,49.0,1
1.0,99,4,0,1,49.5,1
2.1,98,4,0,0,49.0,1
2.2,97,7,2,0,48.5,1
1.7,97,13,2,0,48.5,2
1.5,98,13,0,0,49.0,2
1.0,97,15,1,0,48.5,2
0.5,97,17,0,0,48.5,2
0.3,96,15,2,0,48.0,2
0.2,95,15,2,0,47.5,2
-0.1,94,17,0,1,47.0,2
-0.3,93,20,1,2,46.5,2
-0.6,93,15,1,2,46.5,2
-0.6,92,19,2,2,46.0,2
-0.6,92,19,1,0,46.0,2
-0.4,92,13,1,0,46.0,2
-0.3,92,11,1,0,46.0,2
-0.2,92,17,0,0,46.0,2
-0.3,92,15,2,1,46.0,2
-0.3,91,20,0,0,45.5,2
-0.5,90,13,1,2,45.0,2
-0.5,89,17,2,0,44.5,2
-0.3,88,20,0,0,44.0,2
0.4,86,22,2,1,43.0,2
1.1,84,19,0,1,42.0,2
2.2,81,19,2,2,40.5,2
3.4,78,22,0,0,39.0,2
3.4,78,22,1,0,39.0,2
4.0,78,24,0,1,39.0,2
3.5,78,20,1,2,39.0,2
3.0,79,26,0,2,39.5,2
2.6,81,22,1,1,40.5,2
2.4,82,28,1,1,41.0,2
2.3,84,24,0,0,42.0,2
2.0,89,28,0,2,44.5,2
2.1,89,20,2,2,44.5,2
1.8,89,19,0,1,44.5,2
1.8,90,19,2,1,45.0,2
1.9,91,15,0,1,45.5,2
1.1,94,17,2,2,47.0,2
1.1,96,19,1,1,48.0,2
1.0,96,17,0,2,48.0,2
0.7,97,20,1,1,48.5,2
0.6,97,24,0,2,48.5,2
1.1,96,19,2,1,48.0,2
1.1,97,15,0,2,48.5,2
1.1,97,17,2,0,48.5,2
1.5,97,13,2,0,48.5,2
1.8,96,13,0,2,48.0,2
2.5,96,6,1,0,48.0,1
3.3,97,6,0,0,48.5,1
4.0,95,11,1,0,47.5,2
3.7,97,7,2,2,48.5,1
4.3,95,4,0,2,47.5,1
4.1,94,7,0,0,47.0,1
3.8,96,7,1,2,48.0,1
3.8,96,0,0,0,48.0,1
3.7,97,0,2,2,48.5,1
4.0,98,7,0,2,49.0,1
3.8,97,0,2,0,48.5,1
3.7,97,0,2,2,48.5,1
3.8,98,4,1,0,49.0,1
3.0,98,6,1,2,49.0,1
2.7,99,4,2,1,49.5,1
1.8,99,4,1,1,49.5,1
0.3,99,0,1,0,49.5,1
-0.1,99,0,2,1,49.5,1
-0.1,98,4,0,2,49.0,1
0.5,99,0,0,0,49.5,1
1.0,99,0,1,2,49.5,1
1.6,99,4,1,1,49.5,1
2.6,100,0,2,0,50.0,1
4.1,98,4,2,0,49.0,1
5.7,97,4,2,0,48.5,1
8.1,88,7,2,1,44.0,1
9.2,71,7,0,0,35.5,1
10.2,67,6,2,1,33.5,1
10.5,65,7,2,2,32.5,1
10.1,69,9,1,2,34.5,1
10.1,73,7,2,1,36.5,1
9.8,77,6,1,0,38.5,1
9.3,76,0,2,1,38.0,1
8.8,80,4,2,0,40.0,1
7.7,82,0,1,2,41.0,1
6.7,87,7,0,1,43.5,1
3.8,93,4,0,0,46.5,1
5.2,89,0,1,2,44.5,1
4.3,91,6,1,1,45.5,1
3.9,90,7,0,1,45.0,1
3.2,94,6,1,2,47.0,1
3.5,92,6,1,0,46.0,1
3.6,93,7,1,2,46.5,1
5.1,91,4,1,1,45.5,1
8.8,81,11,1,0,40.5,2
10.4,77,11,0,1,38.5,2
11.9,70,13,1,1,35.0,2
14.1,65,13,0,2,32.5,2
17.3,57,11,2,2,28.5,2
20.0,52,15,0,2,26.0,2
21.7,49,13,2,2,24.5,2
22.2,47,15,0,2,23.5,2
22.7,47,11,0,2,23.5,2
21.8,50,6,1,1,25.0,1
18.4,58,9,0,1,29.0,1
17.1,62,0,0,1,31.0,1
12.8,76,7,1,0,38.0,1
13.4,76,4,2,2,38.0,1
12.6,78,7,0,1,39.0,1
10.6,83,6,1,2,41.5,1
9.8,86,6,2,2,43.0,1
10.8,86,6,0,1,43.0,1
10.6,87,4,0,1,43.5,1
10.2,88,11,0,0,44.0,2
11.2,86,6,2,2,43.0,1
9.7,90,7,2,1,45.0,1
11.3,88,4,0,1,44.0,1
9.9,91,0,0,0,45.5,1
11.9,88,7,2,2,44.0,1
13.9,80,6,1,1,40.0,1
15.6,74,6,2,1,37.0,1
17.8,67,4,1,2,33.5,1
19.8,61,4,1,2,30.5,1
18.5,62,19,1,0,31.0,2
17.0,63,15,0,2,31.5,2
16.3,66,17,0,0,33.0,2
16.6,64,11,1,2,32.0,2
15.9,64,13,1,2,32.0,2
13.9,67,19,1,2,33.5,2
12.5,68,15,2,2,34.0,2
10.6,70,13,0,0,35.0,2
9.5,69,15,1,0,34.5,2
8.8,66,17,1,1,33.0,2
7.2,69,9,2,1,34.5,1
7.1,65,11,0,0,32.5,2
6.1,68,11,1,0,34.0,2
5.7,69,11,0,2,34.5,2
5.2,70,7,1,2,35.0,1
5.2,68,4,2,0,34.0,1
5.0,69,7,2,2,34.5,1
3.2,76,4,0,1,38.0,1
5.5,67,4,2,0,33.5,1
8.0,60,6,0,2,30.0,1
10.6,53,0,1,1,26.5,1
12.6,50,4,2,0,25.0,1
14.9,48,6,1,0,24.0,1
16.5,52,9,1,0,26.0,1
20.0,55,13,2,2,27.5,2
21.5,54,11,2,2,27.0,2
22.5,52,9,2,1,26.0,1
23.3,49,7,1,2,24.5,1
22.0,53,7,0,2,26.5,1
19.7,60,4,0,0,30.0,1
17.5,65,6,1,1,32.5,1
18.1,66,4,1,0,33.0,1
16.0,72,6,1,2,36.0,1
14.2,77,4,2,0,38.5,1
14.3,79,6,0,2,39.5,1
14.0,82,9,0,0,41.0,1
12.4,88,4,0,1,44.0,1
11.8,91,6,0,1,45.5,1
11.4,90,4,0,0,45.0,1
10.6,90,0,0,1,45.0,1
10.0,92,0,1,0,46.0,1
9.5,94,4,1,0,47.0,1
11.3,91,4,2,0,45.5,1
13.8,86,9,1,2,43.0,1
15.9,77,7,1,0,38.5,1
18.2,69,13,0,0,34.5,2
20.2,60,15,2,1,30.0,2
22.3,54,15,0,0,27.0,2
23.8,48,17,2,0,24.0,2
24.7,45,13,1,1,22.5,2
25.4,43,17,1,1,21.5,2
25.5,40,17,0,0,20.0,2
25.2,40,13,0,0,20.0,2
20.7,49,9,0,0,24.5,1
17.2,59,6,1,1,29.5,1
18.4,54,7,1,0,27.0,1
16.4,65,13,1,0,32.5,2
18.0,62,7,2,1,31.0,1
16.5,63,7,0,2,31.5,1
17.0,60,13,2,0,30.0,2
15.5,64,11,1,1,32.0,2
15.0,66,7,1,1,33.0,1
11.0,78,9,2,0,39.0,1
13.2,73,6,0,0,36.5,1
12.8,75,13,0,1,37.5,2
13.7,73,15,1,1,36.5,2
14.2,73,22,1,2,36.5,2
15.4,70,15,1,1,35.0,2
17.3,64,22,0,1,32.0,2
19.6,59,17,2,0,29.5,2
20.4,58,15,1,0,29.0,2
23.0,50,20,1,2,25.0,2
23.3,49,19,2,1,24.5,2
22.8,53,17,0,0,26.5,2
21.4,58,6,1,0,29.0,1
22.2,53,13,0,2,26.5,2
20.0,61,11,1,2,30.5,2
18.2,65,19,0,0,32.5,2
16.7,62,13,2,1,31.0,2
15.1,65,11,1,2,32.5,2
12.1,73,7,1,1,36.5,1
11.0,75,7,1,2,37.5,1
11.3,76,6,1,2,38.0,1
10.4,80,7,1,1,40.0,1
10.3,83,0,2,2,41.5,1
8.9,85,9,1,1,42.5,1
8.8,85,9,1,0,42.5,1
9.2,82,7,0,2,41.0,1
8.0,82,9,1,2,41.0,1
6.6,77,7,0,2,38.5,1
8.4,69,0,2,1,34.5,1
11.3,52,0,0,1,26.0,1
12.8,49,4,0,1,24.5,1
14.5,37,17,2,0,18.5,2
14.9,29,15,2,1,14.5,2
16.2,28,11,0,2,14.0,2
16.8,27,7,0,1,13.5,1
16.6,19,15,2,1,9.5,2
16.4,20,15,2,2,10.0,2
15.5,18,22,2,1,9.0,0
14.7,25,13,2,1,12.5,2
13.4,26,13,2,2,13.0,2
11.8,29,11,0,2,14.5,2
10.9,30,6,2,0,15.0,1
10.8,26,15,1,1,13.0,2
10.6,24,19,1,1,12.0,2
9.9,26,19,1,0,13.0,2
8.4,28,22,1,2,14.0,0
7.3,29,20,2,1,14.5,2
6.2,29,19,1,1,14.5,2
5.3,34,22,0,0,17.0,0
4.4,37,13,1,1,18.5,2
3.6,41,19,2,2,20.5,2
3.2,41,19,1,2,20.5,2
3.1,40,15,0,1,20.0,2
2.7,40,19,2,2,20.0,2
3.0,34,22,2,1,17.0,0
3.7,37,22,2,2,18.5,0
3.7,33,22,1,2,16.5,0
4.8,33,19,1,2,16.5,2
4.7,31,19,2,2,15.5,2
6.1,34,9,1,1,17.0,1
5.8,32,4,0,1,16.0,1
6.1,32,7,2,1,16.0,1
6.1,30,13,0,1,15.0,2
6.1,31,13,0,0,15.5,2
6.2,34,13,1,0,17.0,2
6.3,37,9,1,1,18.5,1
6.6,34,9,2,2,17.0,1
6.6,35,11,0,0,17.5,2
6.5,37,7,1,0,18.5,1
5.8,43,20,0,2,21.5,2
5.9,41,13,1,1,20.5,2
5.9,45,9,0,2,22.5,1
5.8,49,7,2,1,24.5,1
5.3,50,19,1,2,25.0,2
4.5,59,11,2,2,29.5,2
3.8,71,15,0,0,35.5,2
2.5,89,17,0,2,44.5,2
3.0,90,6,2,1,45.0,1
3.1,92,0,0,2,46.0,1
3.9,92,0,1,1,46.0,1
5.2,89,6,1,2,44.5,1
5.9,86,6,0,0,43.0,1
6.6,83,6,0,1,41.5,1
7.5,79,11,0,1,39.5,2
7.6,81,9,0,2,40.5,1
8.4,78,9,1,0,39.0,1
9.2,77,7,1,0,38.5,1
8.9,80,7,0,0,40.0,1
8.7,79,4,2,1,39.5,1
7.3,85,7,2,1,42.5,1
8.2,84,13,1,0,42.0,2
7.5,87,11,2,0,43.5,2
6.4,89,11,0,1,44.5,2
7.3,78,24,2,2,39.0,2
4.6,63,33,1,0,31.5,2
2.6,63,26,0,2,31.5,2
0.8,48,26,0,2,24.0,0
-1.1,49,22,1,1,24.5,0
-1.9,50,20,2,0,25.0,2
-3.8,47,32,1,0,23.5,0
-3.8,46,26,1,1,23.0,0
-4.0,51,26,2,1,25.5,2
-3.0,46,22,0,2,23.0,0
-2.1,43,26,2,0,21.5,0
-0.6,44,28,2,1,22.0,0
0.2,41,30,0,1,20.5,0
0.6,36,28,0,0,18.0,0
1.3,33,28,1,2,16.5,0
1.4,29,30,2,0,14.5,0
1.3,27,30,0,2,13.5,0
1.2,26,32,2,1,13.0,0
0.1,26,24,2,1,13.0,0
-0.7,26,28,0,2,13.0,0
-1.4,25,28,0,0,12.5,0
-2.3,28,24,2,2,14.0,0
-2.9,31,28,0,0,15.5,0
-3.6,33,26,2,1,16.5,0
-4.3,35,22,0,1,17.5,0
-5.0,36,19,1,1,18.0,2
-5.4,40,17,0,2,20.0,2
-6.0,41,17,2,2,20.5,2
-6.5,42,13,0,0,21.0,2
-7.4,49,11,2,2,24.5,2
-7.5,49,9,0,0,24.5,1
-6.1,39,9,2,2,19.5,1
-5.1,34,13,2,2,17.0,2
-4.3,27,9,0,0,13.5,1
-2.5,21,0,2,1,10.5,1
-1.6,22,6,1,0,11.0,1
0.2,27,9,1,0,13.5,1
1.0,27,6,0,2,13.5,1
1.7,21,13,2,1,10.5,2
2.1,24,15,2,1,12.0,2
2.7,30,17,2,0,15.0,2
2.7,32,19,0,0,16.0,2
2.6,33,15,0,0,16.5,2
2.8,33,11,1,1,16.5,2
2.6,35,13,2,2,17.5,2
2.1,38,9,1,1,19.0,1
1.0,43,20,0,2,21.5,2
1.0,41,13,0,0,20.5,2
1.0,41,6,1,1,20.5,1
-1.1,78,11,2,1,39.0,2
-1.0,75,13,2,0,37.5,2
-1.6,83,20,2,0,41.5,2
-1.5,84,20,0,2,42.0,2
-1.0,81,19,2,2,40.5,2
-0.3,79,20,2,1,39.5,2
0.5,79,22,1,0,39.5,2
0.8,76,19,1,0,38.0,2
2.1,67,15,1,2,33.5,2
2.3,66,11,1,0,33.0,2
2.8,70,13,0,2,35.0,2
3.8,60,7,2,0,30.0,1
4.3,59,9,0,2,29.5,1
4.4,67,13,2,0,33.5,2
2.5,87,19,0,2,43.5,2
2.2,90,20,2,2,45.0,2
1.5,91,19,2,1,45.5,2
1.3,90,13,2,0,45.0,2
1.3,90,11,0,2,45.0,2
1.2,90,13,1,2,45.0,2
1.0,90,15,1,1,45.0,2
1.0,88,13,0,2,44.0,2
0.8,88,17,2,0,44.0,2
0.6,88,15,2,2,44.0,2
0.5,86,11,0,1,43.0,2
0.4,85,17,1,0,42.5,2
0.5,84,11,1,1,42.0,2
0.6,82,11,2,0,41.0,2
0.6,82,9,1,1,41.0,1
0.7,83,6,1,0,41.5,1
0.8,84,7,1,2,42.0,1
1.5,83,6,2,1,41.5,1
2.5,77,9,1,1,38.5,1
3.2,67,13,2,0,33.5,2
3.6,66,9,0,1,33.0,1
3.9,64,6,0,2,32.0,1
4.2,62,13,2,0,31.0,2
4.0,61,15,1,0,30.5,2
4.1,58,19,0,0,29.0,2
3.9,62,13,2,2,31.0,2
3.5,57,24,1,2,28.5,2
3.4,52,20,0,0,26.0,2
2.9,54,19,2,1,27.0,2
2.2,60,19,1,0,30.0,2
1.9,55,24,1,0,27.5,2
1.4,52,17,2,1,26.0,2
0.8,51,24,1,0,25.5,2
0.1,50,19,0,1,25.0,2
-1.0,51,20,2,0,25.5,2
-2.2,56,15,1,2,28.0,2
-3.5,54,19,1,0,27.0,2
-4.3,60,4,1,1,30.0,1
-5.1,66,11,1,2,33.0,2
-4.8,63,13,1,2,31.5,2
-4.3,60,15,2,0,30.0,2
-3.0,57,11,0,2,28.5,2
-2.0,54,13,0,2,27.0,2
-0.8,52,9,2,1,26.0,1
0.9,45,4,1,0,22.5,1
1.6,49,17,0,1,24.5,2
3.1,40,6,0,1,20.0,1
4.4,38,17,0,2,19.0,2
4.8,36,17,1,2,18.0,2
4.8,35,15,2,1,17.5,2
4.4,38,15,0,2,19.0,2
3.9,42,11,2,1,21.0,2
3.1,49,7,0,1,24.5,1
3.0,43,7,2,0,21.5,1
1.7,45,4,1,1,22.5,1
0.4,53,0,1,2,26.5,1
1.4,51,6,1,0,25.5,1
1.5,47,13,2,0,23.5,2
1.3,44,13,1,2,22.0,2
1.3,44,11,1,1,22.0,2
0.7,49,13,0,1,24.5,2
-0.9,56,13,2,0,28.0,2
-0.6,52,13,2,0,26.0,2
-0.5,52,15,0,2,26.0,2
-0.3,51,19,1,0,25.5,2
0.7,50,17,0,1,25.0,2
1.5,50,17,1,1,25.0,2
2.9,44,15,2,2,22.0,2
4.6,35,7,1,2,17.5,1
6.4,37,11,0,1,18.5,2
6.5,30,9,1,2,15.0,1
7.7,31,4,0,2,15.5,1
7.7,30,6,1,0,15.0,1
8.4,31,4,2,0,15.5,1
7.9,31,6,2,0,15.5,1
7.0,33,7,2,1,16.5,1
5.9,36,4,1,1,18.0,1
4.4,43,9,0,1,21.5,1
2.6,52,7,2,0,26.0,1
2.7,50,0,0,2,25.0,1
1.5,54,0,2,1,27.0,1
0.4,59,0,2,2,29.5,1
-1.5,65,4,2,0,32.5,1
0.1,59,0,2,0,29.5,1
-1.0,68,0,0,2,34.0,1
-1.0,73,0,0,1,36.5,1
-0.4,74,4,1,0,37.0,1
0.5,76,6,0,1,38.0,1
1.2,70,6,1,0,35.0,1
3.2,57,11,0,0,28.5,2
3.7,58,9,0,0,29.0,1
4.1,61,7,2,0,30.5,1
4.8,70,4,1,0,35.0,1
5.8,67,0,2,0,33.5,1
5.9,66,7,0,0,33.0,1
4.7,77,9,0,1,38.5,1
3.8,85,19,2,1,42.5,2
3.0,85,17,1,0,42.5,2
2.8,85,22,0,1,42.5,2
2.5,85,11,0,0,42.5,2
2.6,84,0,2,1,42.0,1
2.6,84,11,0,1,42.0,2
2.6,87,13,0,2,43.5,2
2.5,88,13,0,0,44.0,2
2.0,88,7,1,1,44.0,1
0.4,89,11,0,0,44.5,2
-0.1,91,7,0,0,45.5,1
-0.4,90,0,0,2,45.0,1
-1.4,90,0,2,1,45.0,1
-1.2,93,4,0,0,46.5,1
-1.7,94,6,1,1,47.0,1
-1.8,88,6,0,0,44.0,1
0.2,84,6,0,0,42.0,1
2.1,62,13,1,0,31.0,2
3.4,45,22,0,0,22.5,0
4.5,38,28,2,2,19.0,0
4.6,40,24,1,0,20.0,0
6.2,36,17,0,0,18.0,2
6.7,36,24,2,2,18.0,0
7.3,32,26,0,1,16.0,0
7.9,27,19,1,2,13.5,2
7.9,23,28,2,0,11.5,0
8.0,22,30,1,0,11.0,0
6.9,22,19,0,0,11.0,2
4.9,27,13,0,1,13.5,2
3.5,28,13,2,2,14.0,2
3.1,30,11,2,2,15.0,2
0.6,36,9,0,2,18.0,1
1.0,35,13,1,2,17.5,2
-0.3,41,6,0,1,20.5,1
-1.1,45,9,0,0,22.5,1
-0.9,39,6,0,0,19.5,1
-3.0,50,9,1,2,25.0,1
-2.1,47,13,1,2,23.5,2
-2.6,47,6,0,2,23.5,1
-2.0,45,6,2,0,22.5,1
0.3,41,11,1,1,20.5,2
1.7,36,19,0,0,18.0,2
2.5,36,15,0,1,18.0,2
4.3,34,17,0,1,17.0,2
6.4,32,11,2,2,16.0,2
7.1,32,11,1,2,16.0,2
8.7,27,11,0,0,13.5,2
10.0,25,13,1,2,12.5,2
10.9,24,24,0,2,12.0,0
10.8,24,30,0,1,12.0,0
9.7,26,28,1,2,13.0,0
8.9,26,20,2,1,13.0,2
8.4,27,13,2,2,13.5,2
7.8,29,9,1,1,14.5,1
7.1,33,7,1,0,16.5,1
6.9,32,11,0,1,16.0,2
6.9,31,11,0,0,15.5,2
6.0,35,9,1,1,17.5,1
5.6,35,4,1,0,17.5,1
6.0,36,9,1,2,18.0,1
5.4,50,11,2,1,25.0,2
5.2,53,7,2,1,26.5,1
4.6,59,9,2,1,29.5,1
4.2,59,11,1,1,29.5,2
4.8,52,17,1,2,26.0,2
5.5,44,20,0,2,22.0,2
6.5,39,28,2,1,19.5,0
8.7,41,30,2,0,20.5,0
9.3,43,28,2,0,21.5,0
8.9,43,24,2,1,21.5,0
8.7,42,33,1,1,21.0,0
8.5,43,26,0,2,21.5,0
8.0,45,26,0,2,22.5,0
8.3,45,20,0,1,22.5,2
8.1,40,26,1,0,20.0,0
7.6,42,22,2,0,21.0,0
6.5,48,19,1,2,24.0,2
6.0,49,19,2,2,24.5,2
4.9,51,19,1,1,25.5,2
3.7,55,19,0,1,27.5,2
3.6,55,19,0,2,27.5,2
3.2,55,15,0,1,27.5,2
2.3,55,17,0,2,27.5,2
2.3,55,11,2,1,27.5,2
1.9,62,13,1,2,31.0,2
1.5,61,17,2,0,30.5,2
1.5,54,17,1,1,27.0,2
1.5,52,19,0,1,26.0,2
2.3,51,19,0,0,25.5,2
2.7,51,20,0,0,25.5,2
3.9,48,22,1,2,24.0,0
4.5,41,17,0,1,20.5,2
4.8,42,26,2,0,21.0,0
5.2,42,22,2,2,21.0,0
6.6,42,22,2,0,21.0,0
6.7,39,20,1,1,19.5,2
7.6,38,19,2,1,19.0,2
8.9,35,24,0,1,17.5,0
7.7,35,24,1,1,17.5,0
6.6,37,20,0,2,18.5,2
5.6,38,26,1,2,19.0,0
5.3,38,19,2,0,19.0,2
4.9,40,19,0,1,20.0,2
4.4,42,22,0,1,21.0,0
3.5,43,19,1,1,21.5,2
3.0,44,22,0,2,22.0,0
2.8,43,17,2,1,21.5,2
2.3,46,22,1,2,23.0,0
1.5,48,19,0,0,24.0,2
1.1,49,17,1,0,24.5,2
-0.1,52,15,0,2,26.0,2
-0.5,51,15,2,1,25.5,2
0.4,50,15,2,1,25.0,2
1.1,48,19,2,0,24.0,2
2.1,46,17,2,1,23.0,2
3.9,42,6,0,0,21.0,1
5.7,37,19,2,1,18.5,2
6.6,34,20,1,2,17.0,2
7.6,33,15,0,2,16.5,2
8.6,29,9,2,2,14.5,1
9.3,28,19,1,1,14.0,2
8.5,27,28,0,0,13.5,0
7.7,25,32,1,2,12.5,0
7.3,25,19,0,1,12.5,2
7.3,24,13,1,0,12.0,2
6.7,28,11,2,0,14.0,2
6.7,28,9,1,0,14.0,1
6.8,27,11,1,1,13.5,2
6.1,31,11,0,2,15.5,2
5.6,32,11,0,2,16.0,2
5.5,30,17,2,2,15.0,2
3.1,37,7,1,2,18.5,1
2.4,39,11,1,0,19.5,2
2.5,39,11,1,0,19.5,2
0.2,45,7,1,1,22.5,1
1.5,44,9,2,2,22.0,1
2.4,39,11,0,0,19.5,2
4.5,36,11,1,0,18.0,2
4.5,35,11,2,1,17.5,2
5.7,35,17,2,2,17.5,2
6.0,33,13,2,0,16.5,2
6.6,34,11,2,2,17.0,2
6.8,34,9,2,0,17.0,1
7.8,32,9,0,1,16.0,1
8.0,35,7,2,1,17.5,1
8.4,34,4,0,1,17.0,1
8.4,35,9,1,1,17.5,1
8.0,36,7,1,0,18.0,1
8.0,39,13,0,0,19.5,2
7.7,39,15,0,1,19.5,2
7.5,40,17,1,0,20.0,2
6.2,44,15,2,1,22.0,2
5.9,45,11,1,0,22.5,2
5.8,45,9,2,1,22.5,1
4.8,50,7,2,0,25.0,1
4.2,53,4,0,0,26.5,1
3.7,58,4,0,2,29.0,1
3.7,55,4,1,2,27.5,1
4.0,54,7,1,2,27.0,1
4.8,52,7,0,2,26.0,1
5.7,49,11,1,0,24.5,2
6.6,47,13,0,0,23.5,2
7.4,45,19,0,2,22.5,2
7.3,42,22,1,1,21.0,0
9.4,40,15,2,1,20.0,2
10.4,37,17,2,1,18.5,2
11.7,33,20,0,1,16.5,2
12.1,33,20,1,1,16.5,2
12.3,32,22,2,1,16.0,0
12.4,31,22,0,2,15.5,0
12.3,31,7,0,0,15.5,1
11.9,31,19,1,2,15.5,2
11.5,31,17,1,0,15.5,2
10.9,35,15,0,0,17.5,2
10.4,36,17,2,2,18.0,2
10.2,37,19,1,2,18.5,2
8.5,44,7,1,0,22.0,1
7.5,46,4,1,0,23.0,1
4.8,60,9,2,1,30.0,1
5.4,62,9,2,1,31.0,1
5.5,62,0,0,2,31.0,1
5.7,62,11,1,2,31.0,2
5.9,59,7,2,0,29.5,1
6.1,65,13,2,2,32.5,2
6.3,71,13,1,2,35.5,2
6.6,81,20,2,2,40.5,2
7.4,67,19,0,1,33.5,2
7.0,72,28,2,0,36.0,2
7.4,73,24,2,0,36.5,2
7.9,77,17,0,0,38.5,2
8.8,65,17,1,0,32.5,2
9.0,58,19,2,1,29.0,2
8.6,58,22,0,1,29.0,2
8.7,55,17,1,1,27.5,2
8.3,60,22,0,0,30.0,2
6.2,76,30,2,0,38.0,2
6.4,72,28,0,1,36.0,2
5.7,74,19,2,2,37.0,2
5.8,73,22,1,2,36.5,2
5.4,75,19,1,1,37.5,2
5.3,73,20,0,1,36.5,2
5.1,79,19,2,0,39.5,2
4.9,83,20,1,1,41.5,2
4.6,82,19,0,1,41.0,2
4.3,83,17,1,2,41.5,2
4.0,84,13,1,1,42.0,2
4.0,84,9,2,0,42.0,1
4.3,83,9,1,2,41.5,1
5.0,78,9,1,0,39.0,1
5.3,76,17,2,0,38.0,2
5.7,76,15,1,2,38.0,2
6.9,66,20,1,0,33.0,2
6.9,74,15,2,0,37.0,2
8.0,59,19,2,2,29.5,2
8.8,58,22,1,0,29.0,2
7.6,70,33,1,0,35.0,2
6.2,81,19,1,2,40.5,2
6.7,77,20,1,0,38.5,2
6.8,73,19,0,2,36.5,2
6.0,78,24,1,2,39.0,2
5.8,78,19,2,2,39.0,2
5.2,79,20,2,1,39.5,2
5.1,82,22,2,1,41.0,2
4.4,84,11,2,2,42.0,2
4.7,85,15,1,1,42.5,2
4.3,84,17,1,2,42.0,2
4.0,85,9,0,1,42.5,1
3.2,88,11,1,1,44.0,2
3.0,89,0,2,0,44.5,1
1.6,90,0,1,1,45.0,1
0.7,90,6,0,0,45.0,1
2.4,89,6,1,1,44.5,1
3.2,87,4,1,2,43.5,1
4.6,81,4,2,0,40.5,1
6.1,72,0,0,1,36.0,1
6.7,73,4,1,1,36.5,1
6.7,72,11,1,2,36.0,2
8.8,65,9,0,0,32.5,1
11.0,53,4,1,2,26.5,1
8.4,57,32,0,0,28.5,2
7.5,74,7,0,2,37.0,1
9.5,57,20,2,1,28.5,2
9.3,57,33,1,2,28.5,2
8.4,55,17,0,1,27.5,2
6.4,62,11,0,1,31.0,2
7.4,63,13,0,2,31.5,2
6.9,66,7,2,1,33.0,1
3.3,74,11,1,1,37.0,2
6.6,61,13,2,2,30.5,2
5.5,61,13,2,1,30.5,2
5.8,56,15,0,0,28.0,2
4.8,59,17,0,1,29.5,2
4.3,60,13,0,1,30.0,2
3.1,64,13,0,2,32.0,2
3.8,62,15,2,2,31.0,2
3.5,63,13,0,1,31.5,2
4.0,63,6,1,0,31.5,1
6.5,54,13,2,0,27.0,2
7.7,51,13,0,2,25.5,2
8.7,49,9,1,1,24.5,1
9.8,46,9,0,1,23.0,1
10.4,43,4,1,1,21.5,1
10.0,46,15,0,1,23.0,2
10.3,45,13,0,2,22.5,2
11.3,41,15,2,1,20.5,2
12.4,37,15,0,1,18.5,2
11.4,41,11,1,2,20.5,2
11.3,39,17,1,0,19.5,2
9.9,44,11,2,1,22.0,2
9.1,49,7,0,2,24.5,1
6.6,59,0,2,0,29.5,1
6.7,60,4,0,1,30.0,1
5.9,56,11,2,1,28.0,2
4.6,54,11,0,1,27.0,2
4.0,51,11,0,1,25.5,2
2.0,58,6,2,1,29.0,1
1.5,61,9,2,2,30.5,1
1.2,66,6,2,1,33.0,1
1.3,67,6,2,1,33.5,1
1.8,68,6,0,0,34.0,1
4.1,64,7,0,1,32.0,1
6.1,58,7,1,2,29.0,1
8.0,54,13,0,0,27.0,2
9.8,44,17,2,1,22.0,2
12.2,40,19,2,2,20.0,2
13.5,32,24,0,1,16.0,0
14.7,23,24,1,2,11.5,0
15.0,24,22,1,2,12.0,0
15.9,24,32,0,1,12.0,0
16.1,23,30,2,2,11.5,0
15.0,26,28,2,2,13.0,0
14.3,26,22,0,0,13.0,0
13.6,24,19,1,1,12.0,2
12.2,28,15,0,0,14.0,2
11.7,30,19,0,0,15.0,2
10.3,44,20,0,2,22.0,2
9.1,48,20,0,0,24.0,2
7.9,51,22,2,1,25.5,2
7.5,52,11,2,1,26.0,2
6.8,54,17,0,1,27.0,2
5.4,63,19,1,1,31.5,2
5.7,64,11,0,1,32.0,2
6.2,64,17,2,1,32.0,2
6.7,58,19,2,0,29.0,2
7.5,54,20,1,2,27.0,2
9.2,51,19,0,0,25.5,2
10.8,46,20,2,2,23.0,2
12.8,41,26,2,2,20.5,0
13.8,37,24,0,0,18.5,0
15.3,34,24,0,2,17.0,0
14.8,34,26,1,0,17.0,0
14.7,35,17,1,1,17.5,2
15.6,28,20,1,1,14.0,2
15.9,26,19,0,0,13.0,2
15.4,28,24,0,0,14.0,0
14.5,30,13,1,1,15.0,2
11.9,42,7,2,0,21.0,1
12.8,39,7,2,2,19.5,1
12.0,44,7,0,1,22.0,1
11.0,47,9,2,2,23.5,1
11.6,46,9,0,1,23.0,1
12.9,41,9,1,1,20.5,1
13.1,42,13,0,0,21.0,2
12.4,48,15,0,2,24.0,2
11.3,54,15,0,1,27.0,2
10.9,64,15,2,0,32.0,2
9.9,69,6,0,0,34.5,1
10.6,70,13,2,2,35.0,2
11.7,69,9,1,1,34.5,1
13.5,69,11,1,0,34.5,2
14.1,71,26,2,1,35.5,2
15.5,67,32,0,2,33.5,2
17.3,61,28,1,0,30.5,2
18.4,58,28,0,0,29.0,2
19.8,54,32,2,1,27.0,2
19.4,55,26,0,1,27.5,2
18.1,62,24,1,0,31.0,2
17.5,65,22,0,2,32.5,2
17.0,68,20,1,0,34.0,2
16.6,70,20,0,0,35.0,2
16.3,73,17,1,2,36.5,2
15.5,75,11,1,2,37.5,2
14.6,76,6,1,0,38.0,1
14.8,76,6,2,2,38.0,1
14.9,78,13,2,1,39.0,2
15.7,77,17,2,2,38.5,2
14.6,89,9,0,0,44.5,1
14.9,90,4,0,2,45.0,1
14.4,90,9,0,0,45.0,1
15.2,84,11,1,0,42.0,2
15.3,82,13,0,2,41.0,2
15.7,79,15,2,0,39.5,2
17.0,76,17,2,2,38.0,2
19.3,69,17,1,2,34.5,2
22.2,58,15,1,2,29.0,2
24.9,47,22,0,0,23.5,0
24.1,47,22,1,2,23.5,0
24.8,44,30,2,0,22.0,0
25.4,44,22,2,0,22.0,0
26.6,41,24,2,0,20.5,0
27.4,37,28,2,1,18.5,0
27.8,37,26,1,1,18.5,0
27.3,37,26,0,1,18.5,0
26.7,38,11,0,1,19.0,2
26.4,40,20,1,2,20.0,2
20.5,73,4,0,1,36.5,1
19.3,80,13,2,2,40.0,2
19.4,74,24,1,1,37.0,2
19.5,71,30,1,2,35.5,2
19.0,62,28,2,2,31.0,2
18.9,55,35,0,2,27.5,2
17.4,43,30,1,0,21.5,0
15.4,55,37,0,1,27.5,2
14.5,57,37,2,2,28.5,2
13.5,60,33,0,2,30.0,2
11.9,52,37,1,0,26.0,2
10.9,54,48,1,1,27.0,2
10.2,51,43,0,1,25.5,2
10.2,45,44,1,1,22.5,0
10.9,43,41,0,2,21.5,0
11.5,42,30,1,2,21.0,0
12.0,41,37,1,0,20.5,0
12.2,42,32,1,2,21.0,0
12.6,41,35,0,1,20.5,0
12.7,40,30,1,0,20.0,0
11.6,41,32,1,1,20.5,0
11.1,41,24,0,2,20.5,0
9.5,42,24,0,0,21.0,0
8.5,41,28,2,0,20.5,0
7.4,41,19,0,2,20.5,2
6.1,43,17,0,2,21.5,2
5.4,46,11,1,2,23.0,2
3.9,53,17,2,2,26.5,2
2.9,56,13,0,2,28.0,2
2.4,55,15,1,2,27.5,2
0.9,58,15,0,2,29.0,2
1.1,55,11,1,2,27.5,2
0.4,58,9,1,2,29.0,1
-1.0,64,11,1,2,32.0,2
0.9,59,9,2,2,29.5,1
2.5,53,13,1,1,26.5,2
3.3,51,11,0,1,25.5,2
4.5,47,9,0,2,23.5,1
5.3,47,9,1,1,23.5,1
6.9,48,6,1,2,24.0,1
7.3,43,11,1,0,21.5,2
8.6,43,15,2,1,21.5,2
9.3,41,7,1,2,20.5,1
10.4,38,11,2,1,19.0,2
10.3,37,9,1,2,18.5,1
10.2,36,13,0,0,18.0,2
10.0,33,7,2,0,16.5,1
8.4,42,9,1,0,21.0,1
7.6,44,7,1,0,22.0,1
7.9,42,4,1,1,21.0,1
8.4,41,0,1,2,20.5,1
6.8,51,6,0,1,25.5,1
6.5,52,4,2,1,26.0,1
5.5,55,6,1,1,27.5,1
3.3,64,7,2,1,32.0,1
4.4,57,4,2,2,28.5,1
3.4,62,0,1,1,31.0,1
3.4,63,4,1,0,31.5,1
4.7,67,4,2,1,33.5,1
7.1,59,4,2,2,29.5,1
8.6,50,7,2,1,25.0,1
11.8,43,7,0,0,21.5,1
14.0,37,13,0,2,18.5,2
15.8,35,19,0,2,17.5,2
16.6,35,15,2,2,17.5,2
18.4,33,20,0,0,16.5,2
19.3,33,17,1,0,16.5,2
20.2,34,28,2,2,17.0,0
20.7,33,26,0,1,16.5,0
20.0,36,24,1,0,18.0,0
18.7,39,22,1,0,19.5,0
18.0,40,15,0,1,20.0,2
16.6,45,17,1,0,22.5,2
16.1,46,11,1,0,23.0,2
13.9,54,13,2,0,27.0,2
12.6,58,9,1,2,29.0,1
12.5,50,19,2,1,25.0,2
10.9,53,19,1,2,26.5,2
9.9,55,20,2,2,27.5,2
9.1,59,15,1,2,29.5,2
8.8,58,19,0,2,29.0,2
8.7,52,22,1,2,26.0,2
7.8,56,28,0,0,28.0,2
6.9,63,22,1,0,31.5,2
6.1,72,26,0,1,36.0,2
6.3,71,19,0,2,35.5,2
6.6,70,24,2,0,35.0,2
6.9,66,20,0,0,33.0,2
7.2,68,26,1,1,34.0,2
7.5,68,24,0,2,34.0,2
9.6,64,24,1,1,32.0,2
9.5,64,24,0,1,32.0,2
8.4,68,33,1,0,34.0,2
7.8,70,26,1,0,35.0,2
7.4,73,28,1,1,36.5,2
7.0,77,26,1,2,38.5,2
6.9,79,24,1,1,39.5,2
6.6,81,17,0,0,40.5,2
6.5,81,17,1,0,40.5,2
6.6,81,20,0,0,40.5,2
6.3,83,19,2,2,41.5,2
6.4,85,15,2,0,42.5,2
5.7,86,19,0,2,43.0,2
5.5,86,20,1,2,43.0,2
5.7,85,13,0,1,42.5,2
6.0,84,7,2,2,42.0,1
6.2,82,15,0,1,41.0,2
6.4,81,17,0,2,40.5,2
6.2,82,17,1,0,41.0,2
5.5,86,19,2,2,43.0,2
5.5,86,17,1,1,43.0,2
5.6,86,11,1,2,43.0,2
5.5,86,15,0,2,43.0,2
6.1,85,19,0,0,42.5,2
6.1,86,19,0,1,43.0,2
5.7,85,17,0,2,42.5,2
5.3,82,19,1,1,41.0,2
4.8,86,17,1,0,43.0,2
3.8,86,24,0,1,43.0,2
3.4,84,20,0,2,42.0,2
2.6,86,24,2,0,43.0,2
2.6,85,26,1,1,42.5,2
1.9,86,19,1,2,43.0,2
1.6,87,13,1,0,43.5,2
1.5,86,24,0,2,43.0,2
1.4,87,17,0,2,43.5,2
0.6,89,13,0,1,44.5,2
0.8,89,15,2,2,44.5,2
1.2,90,11,0,2,45.0,2
1.8,86,19,2,0,43.0,2
1.9,85,19,0,2,42.5,2
2.4,81,20,1,0,40.5,2
2.8,75,20,2,0,37.5,2
3.3,73,28,0,2,36.5,2
4.0,74,22,0,2,37.0,2
4.6,71,22,1,0,35.5,2
5.0,68,24,0,1,34.0,2
5.2,67,20,1,0,33.5,2
5.9,65,22,0,1,32.5,2
6.0,63,28,2,1,31.5,2
6.4,64,22,2,1,32.0,2
6.3,63,26,1,2,31.5,2
6.5,63,24,0,0,31.5,2
6.1,67,32,1,0,33.5,2
5.3,66,32,1,0,33.0,2
4.3,68,35,0,0,34.0,2
2.8,75,32,2,0,37.5,2
2.0,82,41,2,2,41.0,2
1.9,82,46,1,2,41.0,2
1.1,85,44,1,1,42.5,2
1.1,85,44,1,2,42.5,2
1.7,84,52,2,1,42.0,2
2.0,82,44,2,0,41.0,2
1.9,86,46,2,2,43.0,2
2.1,84,52,1,1,42.0,2
2.3,82,48,1,2,41.0,2
2.8,84,48,2,1,42.0,2
3.1,84,44,1,2,42.0,2
3.7,83,46,2,0,41.5,2
4.1,84,48,2,2,42.0,2
4.6,83,46,2,0,41.5,2
5.0,83,41,0,2,41.5,2
5.3,80,44,0,1,40.0,2
5.7,79,43,1,1,39.5,2
5.6,80,39,0,1,40.0,2
5.9,81,35,2,0,40.5,2
5.9,80,43,1,0,40.0,2
5.4,86,39,2,1,43.0,2
5.7,86,41,2,1,43.0,2
5.6,86,37,1,0,43.0,2
5.5,88,19,2,0,44.0,2
5.6,89,9,0,2,44.5,1
5.7,90,13,1,1,45.0,2
6.7,90,7,0,1,45.0,1
6.1,89,6,0,1,44.5,1
7.0,90,15,1,1,45.0,2
7.5,80,19,2,2,40.0,2
7.1,76,19,0,2,38.0,2
6.8,79,19,0,1,39.5,2
5.5,84,13,0,1,42.0,2
6.6,82,13,1,2,41.0,2
7.7,64,17,2,0,32.0,2
7.2,66,19,2,0,33.0,2
8.8,59,26,1,1,29.5,2
8.9,69,17,1,2,34.5,2
8.0,62,24,2,1,31.0,2
8.0,59,28,1,2,29.5,2
8.4,64,19,1,0,32.0,2
8.1,55,32,1,1,27.5,2
8.0,59,28,2,1,29.5,2
7.7,60,20,2,2,30.0,2
7.1,61,19,0,2,30.5,2
6.9,61,28,2,2,30.5,2
6.6,62,20,2,1,31.0,2
6.0,61,24,0,1,30.5,2
5.4,64,19,0,1,32.0,2
4.9,68,19,2,0,34.0,2
5.5,64,19,1,2,32.0,2
4.5,71,13,0,2,35.5,2
4.4,71,15,2,0,35.5,2
4.8,70,15,2,1,35.0,2
4.5,73,13,0,2,36.5,2
5.2,70,20,1,1,35.0,2
5.5,71,19,1,1,35.5,2
4.9,79,19,2,1,39.5,2
5.1,86,15,0,2,43.0,2
6.1,80,9,0,2,40.0,1
7.8,70,17,0,0,35.0,2
8.0,65,20,1,0,32.5,2
8.7,55,20,1,2,27.5,2
9.8,57,19,1,1,28.5,2
7.7,60,15,0,0,30.0,2
8.8,48,17,2,0,24.0,2
8.8,48,22,1,2,24.0,0
8.0,50,22,0,0,25.0,2
7.3,60,17,0,1,30.0,2
7.3,59,17,2,0,29.5,2
7.0,61,13,2,0,30.5,2
6.2,65,9,0,0,32.5,1
6.0,66,9,2,2,33.0,1
5.8,71,7,1,2,35.5,1
4.9,72,9,0,1,36.0,1
3.7,74,7,1,1,37.0,1
3.5,74,11,0,1,37.0,2
2.7,74,7,1,2,37.0,1
2.6,75,9,2,1,37.5,1
3.2,76,4,2,2,38.0,1
5.5,72,7,1,0,36.0,1
6.2,68,7,0,1,34.0,1
6.9,60,7,0,0,30.0,1
8.8,55,11,1,2,27.5,2
9.6,52,7,1,0,26.0,1
9.8,52,13,2,2,26.0,2
10.3,52,13,2,2,26.0,2
11.0,45,17,1,2,22.5,2
11.2,44,19,1,0,22.0,2
11.4,43,19,0,1,21.5,2
11.0,51,15,0,0,25.5,2
8.6,80,19,1,1,40.0,2
8.3,83,15,0,2,41.5,2
8.1,85,7,2,0,42.5,1
8.0,88,9,0,2,44.0,1
7.6,88,6,1,2,44.0,1
6.9,90,13,2,0,45.0,2
5.8,89,22,2,0,44.5,2
4.8,86,15,2,2,43.0,2
4.7,87,15,0,2,43.5,2
4.4,83,22,0,0,41.5,2
4.2,80,24,2,1,40.0,2
3.3,76,26,2,2,38.0,2
2.5,74,28,0,1,37.0,2
1.8,71,32,0,1,35.5,2
2.3,69,26,2,0,34.5,2
2.7,65,32,0,0,32.5,2
3.7,61,30,0,2,30.5,2
3.0,61,30,0,2,30.5,2
2.7,61,35,0,2,30.5,2
2.7,57,37,1,0,28.5,2
1.9,59,37,1,1,29.5,2
2.5,57,30,1,0,28.5,2
2.1,55,30,2,0,27.5,2
1.7,55,33,0,1,27.5,2
1.0,54,28,1,2,27.0,2
0.7,53,22,0,0,26.5,2
0.5,56,24,1,1,28.0,2
0.2,58,19,2,1,29.0,2
0.2,55,20,2,1,27.5,2
0.3,55,17,1,2,27.5,2
0.2,57,17,2,0,28.5,2
-0.2,55,19,0,0,27.5,2
-0.4,56,22,0,2,28.0,2
-0.8,53,17,2,0,26.5,2
-1.3,52,24,0,1,26.0,2
-1.5,54,26,1,0,27.0,2
-2.1,52,22,1,0,26.0,2
-1.3,52,30,1,0,26.0,2
-0.4,48,24,0,1,24.0,0
0.6,46,32,1,2,23.0,0
2.0,50,28,2,2,25.0,2
3.9,36,24,1,0,18.0,0
5.0,34,30,0,1,17.0,0
5.4,29,32,0,2,14.5,0
6.4,28,24,1,1,14.0,0
7.2,27,35,2,1,13.5,0
7.4,26,30,2,0,13.0,0
7.7,25,28,2,2,12.5,0
7.2,25,24,0,2,12.5,0
6.1,27,19,2,2,13.5,2
4.1,34,11,0,1,17.0,2
2.3,41,11,1,2,20.5,2
1.9,41,9,1,1,20.5,1
0.8,47,6,0,0,23.5,1
0.8,49,7,0,1,24.5,1
1.3,47,11,1,2,23.5,2
1.3,52,11,1,1,26.0,2
0.8,53,13,0,1,26.5,2
-0.1,57,9,1,0,28.5,1
0.9,42,19,1,0,21.0,2
1.2,38,20,2,0,19.0,2
1.8,35,26,2,0,17.5,0
2.6,34,19,1,2,17.0,2
4.3,30,19,1,2,15.0,2
5.5,28,26,2,2,14.0,0
6.2,27,24,1,0,13.5,0
7.4,27,24,0,2,13.5,0
8.4,24,32,1,1,12.0,0
8.7,22,22,1,2,11.0,0
9.0,21,32,0,1,10.5,0
9.2,21,28,2,1,10.5,0
9.0,22,30,1,2,11.0,0
8.1,23,28,2,1,11.5,0
6.9,25,20,2,0,12.5,2
6.3,27,15,1,1,13.5,2
5.4,29,19,1,2,14.5,2
5.1,31,15,2,0,15.5,2
4.1,34,13,1,0,17.0,2
3.3,36,9,1,2,18.0,1
2.2,41,6,2,2,20.5,1
3.2,36,0,2,2,18.0,1
2.4,42,0,0,1,21.0,1
0.7,48,4,1,1,24.0,1
-0.7,63,4,0,0,31.5,1
3.0,59,0,2,0,29.5,1
6.0,38,0,1,1,19.0,1
6.6,39,11,2,0,19.5,2
7.2,37,7,1,2,18.5,1
7.6,35,7,1,1,17.5,1
9.3,35,0,0,2,17.5,1
10.1,39,6,2,2,19.5,1
12.4,31,11,1,1,15.5,2
12.4,34,7,0,1,17.0,1
12.5,31,15,2,1,15.5,2
12.9,31,9,0,0,15.5,1
12.7,30,9,2,1,15.0,1
12.5,31,13,1,1,15.5,2
12.2,33,11,0,2,16.5,2
12.1,35,11,0,1,17.5,2
12.2,33,13,1,0,16.5,2
12.0,34,11,2,0,17.0,2
11.1,40,6,1,2,20.0,1
11.4,39,11,0,1,19.5,2
10.8,44,19,1,1,22.0,2
9.7,57,7,0,0,28.5,1
8.8,68,15,1,1,34.0,2
8.4,72,17,2,0,36.0,2
7.8,83,24,0,2,41.5,2
7.8,87,24,0,1,43.5,2
7.9,87,13,2,2,43.5,2
8.0,87,17,1,2,43.5,2
8.4,90,13,2,1,45.0,2
9.2,86,6,1,1,43.0,1
9.5,84,6,2,0,42.0,1
10.9,82,7,2,1,41.0,1
10.6,81,0,0,0,40.5,1
11.0,81,0,0,0,40.5,1
10.4,84,9,1,1,42.0,1
9.9,87,9,2,2,43.5,1
10.0,90,7,1,0,45.0,1
9.7,90,7,2,1,45.0,1
9.6,91,9,2,0,45.5,1
9.3,92,6,0,0,46.0,1
9.2,92,9,2,0,46.0,1
9.1,92,6,0,0,46.0,1
9.1,92,6,0,0,46.0,1
9.0,93,6,2,0,46.5,1
8.6,95,6,2,1,47.5,1
8.8,93,4,1,2,46.5,1
8.8,93,4,1,0,46.5,1
8.6,93,9,1,2,46.5,1
8.4,93,13,0,2,46.5,2
8.6,93,11,0,1,46.5,2
8.4,93,17,0,0,46.5,2
8.4,92,15,0,1,46.0,2
8.9,90,13,0,1,45.0,2
9.5,89,13,0,2,44.5,2
10.3,86,13,2,1,43.0,2
11.2,81,13,1,1,40.5,2
11.8,79,17,1,2,39.5,2
13.0,74,11,1,1,37.0,2
14.0,72,19,2,1,36.0,2
14.9,68,19,1,1,34.0,2
15.4,65,17,0,1,32.5,2
15.4,66,15,2,2,33.0,2
15.2,66,15,2,1,33.0,2
14.2,71,11,1,1,35.5,2
14.2,66,17,0,2,33.0,2
13.5,68,19,1,1,34.0,2
11.9,81,19,2,0,40.5,2
11.6,83,17,1,0,41.5,2
11.4,85,15,2,1,42.5,2
11.4,83,17,2,1,41.5,2
11.2,83,15,2,1,41.5,2
11.1,83,17,0,0,41.5,2
11.0,84,13,0,1,42.0,2
11.4,82,13,1,0,41.0,2
11.7,81,15,1,1,40.5,2
12.4,79,15,1,1,39.5,2
13.6,77,17,0,2,38.5,2
14.2,75,13,1,0,37.5,2
15.4,72,11,0,1,36.0,2
15.7,70,15,2,2,35.0,2
15.9,71,13,2,2,35.5,2
16.2,70,11,0,0,35.0,2
16.2,71,7,0,0,35.5,1
16.5,72,13,2,1,36.0,2
16.4,72,6,0,0,36.0,1
15.8,78,7,2,1,39.0,1
15.7,76,6,1,0,38.0,1
15.1,77,11,2,2,38.5,2
14.2,80,13,2,2,40.0,2
13.8,79,11,1,1,39.5,2
13.8,80,11,0,1,40.0,2
13.5,83,13,1,1,41.5,2
13.3,85,17,2,1,42.5,2
13.1,87,13,2,2,43.5,2
13.2,88,11,2,2,44.0,2
13.1,88,6,2,1,44.0,1
13.2,88,6,2,1,44.0,1
13.3,88,11,1,2,44.0,2
13.6,88,7,2,0,44.0,1
13.7,90,6,0,2,45.0,1
13.5,90,11,1,1,45.0,2
13.8,89,11,1,2,44.5,2
14.6,86,7,1,1,43.0,1
15.3,82,0,2,2,41.0,1
16.0,80,9,2,1,40.0,1
16.0,80,9,1,1,40.0,1
16.9,78,9,2,0,39.0,1
16.6,79,7,0,2,39.5,1
17.1,76,7,0,0,38.0,1
17.4,75,4,2,0,37.5,1
15.9,83,9,1,2,41.5,1
15.4,88,9,2,1,44.0,1
14.0,76,32,2,1,38.0,2
11.0,68,30,2,1,34.0,2
10.2,68,17,1,2,34.0,2
8.4,74,4,0,2,37.0,1
7.9,73,11,2,0,36.5,2
7.7,72,11,1,2,36.0,2
6.5,71,15,1,1,35.5,2
5.7,68,11,0,0,34.0,2
5.2,66,17,1,0,33.0,2
5.9,63,15,1,0,31.5,2
6.5,60,19,1,1,30.0,2
7.6,60,17,0,2,30.0,2
8.3,59,9,2,1,29.5,1
9.4,57,11,0,0,28.5,2
10.8,50,13,2,2,25.0,2
11.8,45,11,1,0,22.5,2
12.8,39,13,1,0,19.5,2
14.4,35,7,2,2,17.5,1
15.4,32,6,0,0,16.0,1
16.0,28,17,0,0,14.0,2
15.9,30,9,0,1,15.0,1
15.7,28,11,2,2,14.0,2
14.7,29,0,1,1,14.5,1
12.8,36,4,1,0,18.0,1
12.6,34,6,1,0,17.0,1
13.1,30,9,2,2,15.0,1
12.7,29,13,1,0,14.5,2
12.1,31,9,1,2,15.5,1
10.9,35,15,0,1,17.5,2
7.8,46,13,1,2,23.0,2
7.0,53,17,0,1,26.5,2
6.6,48,17,2,0,24.0,2
6.2,50,20,0,0,25.0,2
7.3,48,22,1,2,24.0,0
8.2,47,22,1,2,23.5,0
9.8,47,17,0,0,23.5,2
11.0,44,20,1,0,22.0,2
12.3,39,15,0,0,19.5,2
13.8,29,15,1,1,14.5,2
14.7,30,6,0,0,15.0,1
15.0,33,7,0,0,16.5,1
15.7,29,9,2,0,14.5,1
16.6,26,6,0,1,13.0,1
16.6,27,7,0,1,13.5,1
16.6,29,11,2,1,14.5,2
16.1,27,11,1,0,13.5,2
14.4,33,9,0,1,16.5,1
13.1,37,9,2,2,18.5,1
12.3,40,6,2,1,20.0,1
11.7,40,0,0,0,20.0,1
11.1,40,0,1,2,20.0,1
9.9,45,0,2,1,22.5,1
6.9,63,0,0,0,31.5,1
5.2,65,4,2,1,32.5,1
4.6,70,4,1,1,35.0,1
5.1,73,0,0,1,36.5,1
5.7,69,4,0,2,34.5,1
8.2,71,6,1,2,35.5,1
12.3,45,4,1,2,22.5,1
14.0,41,7,2,1,20.5,1
16.0,27,7,0,1,13.5,1
17.1,20,13,2,2,10.0,2
17.8,24,7,0,1,12.0,1
18.9,21,13,2,0,10.5,2
19.7,22,13,0,1,11.0,2
20.1,20,19,1,1,10.0,2
20.6,21,7,2,0,10.5,1
20.9,21,11,0,0,10.5,2
21.0,20,13,0,2,10.0,2
20.7,18,13,2,0,9.0,2
19.9,20,11,1,2,10.0,2
19.2,21,13,1,1,10.5,2
18.7,21,15,2,2,10.5,2
18.1,23,17,2,2,11.5,2
17.6,26,15,0,0,13.0,2
16.1,34,11,0,1,17.0,2
16.0,47,15,1,0,23.5,2
14.8,53,4,1,2,26.5,1
15.2,56,6,1,0,28.0,1
14.2,78,17,2,2,39.0,2
13.7,80,19,2,1,40.0,2
12.6,86,22,2,1,43.0,2
12.2,87,24,1,0,43.5,2
11.6,87,26,1,2,43.5,2
11.1,87,32,1,2,43.5,2
10.9,87,26,1,1,43.5,2
11.0,89,20,2,1,44.5,2
11.1,89,19,0,0,44.5,2
11.5,88,17,2,1,44.0,2
11.7,89,19,0,0,44.5,2
12.0,88,17,0,1,44.0,2
12.2,88,15,2,0,44.0,2
12.2,88,9,2,0,44.0,1
12.1,89,11,2,0,44.5,2
12.3,89,6,1,1,44.5,1
12.1,90,9,2,0,45.0,1
12.2,90,6,1,2,45.0,1
12.3,90,6,0,0,45.0,1
12.4,91,4,2,2,45.5,1
12.5,91,0,1,1,45.5,1
12.6,91,0,1,2,45.5,1
12.8,91,6,1,0,45.5,1
12.9,91,6,2,1,45.5,1
13.0,91,6,0,1,45.5,1
13.5,91,9,2,2,45.5,1
13.7,91,13,1,1,45.5,2
14.3,89,15,0,1,44.5,2
14.3,88,17,0,1,44.0,2
14.0,89,9,0,0,44.5,1
14.9,84,17,0,1,42.0,2
16.1,83,9,1,1,41.5,1
16.1,75,19,1,1,37.5,2
17.4,71,15,0,1,35.5,2
17.9,65,15,0,1,32.5,2
19.0,61,13,0,0,30.5,2
19.2,57,13,0,0,28.5,2
18.9,57,7,1,1,28.5,1
16.8,67,20,0,1,33.5,2
16.3,70,11,0,0,35.0,2
15.9,73,7,2,1,36.5,1
15.4,68,11,1,2,34.0,2
14.3,72,13,0,0,36.0,2
11.9,79,4,0,2,39.5,1
12.2,78,15,2,2,39.0,2
11.6,82,6,0,1,41.0,1
11.0,85,7,0,0,42.5,1
11.4,85,6,0,1,42.5,1
11.4,85,11,2,1,42.5,2
10.9,83,17,1,2,41.5,2
10.2,82,22,2,1,41.0,2
8.9,83,20,1,0,41.5,2
9.0,79,20,2,1,39.5,2
9.0,76,26,2,2,38.0,2
9.3,76,28,0,2,38.0,2
10.5,72,28,1,0,36.0,2
10.0,73,30,1,2,36.5,2
10.4,74,26,1,0,37.0,2
10.1,75,30,1,1,37.5,2
10.5,70,28,0,2,35.0,2
10.2,75,19,0,2,37.5,2
10.2,71,26,2,1,35.5,2
9.8,77,19,2,2,38.5,2
9.5,80,15,0,2,40.0,2
9.4,77,20,2,2,38.5,2
9.2,75,20,0,1,37.5,2
9.2,70,24,1,2,35.0,2
9.0,66,17,2,2,33.0,2
8.7,66,15,0,2,33.0,2
8.4,69,22,1,0,34.5,2
7.3,77,17,1,0,38.5,2
7.3,71,19,1,0,35.5,2
7.3,70,7,0,2,35.0,1
7.5,71,7,0,1,35.5,1
8.7,67,17,0,2,33.5,2
9.5,61,19,1,1,30.5,2
11.3,57,19,1,2,28.5,2
11.7,50,19,1,2,25.0,2
13.1,45,22,0,1,22.5,0
14.6,34,24,0,2,17.0,0
15.3,32,22,2,0,16.0,0
16.4,30,20,1,0,15.0,2
17.6,28,32,0,1,14.0,0
17.1,27,26,2,0,13.5,0
17.8,26,26,2,0,13.0,0
17.6,26,22,1,1,13.0,0
16.8,26,22,1,2,13.0,0
15.1,29,13,0,2,14.5,2
12.1,37,11,2,2,18.5,2
10.2,42,9,1,2,21.0,1
7.7,53,9,1,2,26.5,1
7.8,54,9,2,2,27.0,1
7.1,58,9,1,2,29.0,1
9.8,47,7,2,0,23.5,1
8.5,51,0,2,0,25.5,1
7.0,59,4,1,2,29.5,1
7.9,53,11,2,1,26.5,2
7.3,54,6,2,2,27.0,1
9.4,50,7,0,1,25.0,1
11.1,55,11,2,0,27.5,2
12.9,49,11,1,2,24.5,2
14.6,51,13,2,1,25.5,2
16.7,45,15,2,1,22.5,2
18.6,38,20,1,1,19.0,2
20.4,36,22,2,1,18.0,0
22.0,34,24,2,1,17.0,0
22.4,36,28,2,0,18.0,0
23.9,34,26,1,0,17.0,0
23.6,36,22,0,0,18.0,0
22.8,37,20,0,2,18.5,2
22.8,33,17,2,2,16.5,2
22.0,36,20,1,2,18.0,2
20.7,42,0,1,2,21.0,1
19.3,47,11,1,2,23.5,2
18.4,54,6,1,0,27.0,1
16.6,63,6,0,2,31.5,1
16.5,65,7,1,2,32.5,1
16.0,68,7,0,2,34.0,1
15.9,70,6,2,2,35.0,1
15.4,75,6,2,0,37.5,1
15.1,76,11,1,0,38.0,2
14.1,84,6,1,1,42.0,1
14.1,86,11,0,2,43.0,2
14.2,87,13,2,1,43.5,2
14.5,87,11,2,1,43.5,2
15.7,81,13,1,2,40.5,2
17.0,74,9,1,0,37.0,1
17.2,68,17,0,1,34.0,2
18.1,62,13,1,1,31.0,2
19.5,51,11,0,2,25.5,2
19.6,43,20,2,2,21.5,2
20.0,39,11,1,0,19.5,2
20.9,33,11,1,2,16.5,2
20.4,34,15,1,0,17.0,2
19.7,38,17,0,0,19.0,2
18.8,42,13,2,2,21.0,2
16.8,48,11,2,0,24.0,2
13.4,63,7,2,0,31.5,1
12.7,65,7,1,2,32.5,1
13.3,64,0,2,0,32.0,1
11.8,71,6,2,1,35.5,1
12.8,68,6,2,0,34.0,1
12.0,71,4,1,2,35.5,1
12.0,71,0,1,2,35.5,1
8.2,82,4,0,0,41.0,1
8.3,84,0,0,1,42.0,1
12.0,79,0,0,1,39.5,1
15.6,67,0,0,2,33.5,1
17.1,61,6,2,1,30.5,1
19.2,50,6,0,2,25.0,1
20.1,45,11,0,0,22.5,2
21.2,42,13,0,0,21.0,2
21.9,41,17,1,0,20.5,2
22.0,39,17,2,1,19.5,2
23.2,39,0,1,0,19.5,1
23.2,41,9,2,0,20.5,1
23.4,43,9,0,0,21.5,1
23.5,46,6,1,1,23.0,1
22.9,51,9,2,2,25.5,1
21.5,56,15,1,0,28.0,2
19.8,63,17,1,2,31.5,2
18.3,69,15,2,0,34.5,2
17.5,73,6,2,1,36.5,1
17.5,75,7,0,2,37.5,1
16.0,78,11,0,1,39.0,2
16.6,75,6,0,0,37.5,1
15.8,82,9,1,0,41.0,1
15.9,83,11,0,0,41.5,2
16.0,83,11,2,1,41.5,2
15.9,82,11,1,1,41.0,2
16.3,80,9,2,1,40.0,1
16.4,85,7,1,1,42.5,1
17.3,80,11,2,0,40.0,2
18.7,77,9,2,0,38.5,1
20.7,70,7,0,2,35.0,1
20.3,68,11,0,2,34.0,2
20.7,70,13,1,0,35.0,2
20.1,71,20,0,0,35.5,2
19.2,74,19,1,1,37.0,2
17.8,85,9,2,0,42.5,1
18.2,84,15,1,1,42.0,2
18.2,83,17,2,2,41.5,2
17.9,84,19,2,1,42.0,2
17.4,86,17,2,2,43.0,2
17.0,85,17,1,2,42.5,2
16.6,85,15,1,0,42.5,2
15.9,86,11,0,2,43.0,2
15.4,87,11,0,0,43.5,2
14.6,88,4,2,0,44.0,1
13.9,88,6,2,0,44.0,1
13.9,88,6,1,2,44.0,1
13.3,88,0,0,0,44.0,1
12.9,88,6,1,2,44.0,1
13.0,88,0,1,0,44.0,1
13.8,89,11,1,2,44.5,2
15.0,87,9,2,0,43.5,1
17.5,79,9,2,1,39.5,1
20.1,69,13,0,1,34.5,2
21.9,61,15,2,0,30.5,2
22.0,57,20,2,0,28.5,2
22.9,52,11,1,2,26.0,2
23.4,50,15,2,1,25.0,2
17.9,74,19,1,2,37.0,2
19.3,56,32,0,0,28.0,2
18.7,58,33,2,1,29.0,2
17.6,64,22,0,0,32.0,2
18.2,63,26,2,2,31.5,2
17.6,64,22,1,0,32.0,2
17.1,63,17,2,2,31.5,2
14.2,61,17,1,1,30.5,2
13.3,60,20,0,1,30.0,2
11.5,57,22,1,2,28.5,2
10.0,61,24,1,1,30.5,2
9.8,59,24,0,1,29.5,2
8.3,63,15,0,1,31.5,2
7.3,67,15,1,0,33.5,2
6.6,69,9,2,2,34.5,1
6.0,70,11,1,0,35.0,2
8.5,63,9,1,2,31.5,1
10.2,56,15,2,0,28.0,2
10.7,56,15,1,2,28.0,2
11.3,53,22,1,0,26.5,2
12.2,50,26,0,2,25.0,2
13.9,46,22,2,1,23.0,0
14.3,43,17,2,1,21.5,2
15.4,36,26,0,2,18.0,0
15.3,38,20,2,1,19.0,2
15.8,35,24,2,0,17.5,0
15.8,34,30,0,1,17.0,0
15.7,36,24,1,1,18.0,0
15.1,37,20,1,2,18.5,2
14.1,39,13,1,1,19.5,2
13.8,40,7,0,0,20.0,1
12.4,47,6,0,1,23.5,1
10.1,58,0,2,2,29.0,1
9.9,66,7,1,0,33.0,1
10.4,58,13,0,1,29.0,2
9.9,60,7,0,1,30.0,1
9.2,62,9,0,1,31.0,1
8.6,63,11,2,1,31.5,2
8.6,61,9,0,0,30.5,1
7.7,65,9,1,1,32.5,1
10.1,63,11,0,1,31.5,2
11.2,57,20,0,2,28.5,2
13.0,57,15,2,2,28.5,2
14.4,52,17,1,2,26.0,2
16.4,46,22,1,0,23.0,0
18.1,45,17,1,0,22.5,2
18.3,39,20,0,1,19.5,2
19.7,25,22,2,0,12.5,0
20.1,31,22,1,1,15.5,0
20.8,28,20,0,1,14.0,2
20.5,27,19,2,2,13.5,2
20.9,30,17,1,1,15.0,2
20.4,34,13,2,2,17.0,2
17.7,41,9,2,1,20.5,1
16.6,44,4,0,2,22.0,1
14.4,54,6,2,1,27.0,1
14.4,53,6,0,2,26.5,1
14.0,58,6,1,1,29.0,1
13.8,63,6,1,0,31.5,1
14.2,60,9,2,1,30.0,1
13.1,73,7,1,2,36.5,1
13.3,67,9,0,2,33.5,1
13.1,67,9,0,0,33.5,1
11.8,69,7,0,1,34.5,1
13.8,64,6,2,1,32.0,1
14.7,59,9,2,1,29.5,1
17.3,51,9,2,2,25.5,1
19.1,44,7,0,1,22.0,1
21.0,43,4,0,0,21.5,1
22.3,41,11,0,0,20.5,2
23.4,37,19,0,1,18.5,2
24.1,33,15,2,1,16.5,2
25.4,32,15,2,1,16.0,2
25.6,32,15,2,0,16.0,2
25.8,30,15,2,1,15.0,2
26.0,30,15,0,2,15.0,2
25.2,30,11,0,0,15.0,2
24.3,34,11,1,0,17.0,2
23.5,37,6,1,2,18.5,1
21.6,42,9,1,2,21.0,1
21.9,37,7,0,2,18.5,1
18.2,54,4,2,2,27.0,1
18.3,50,0,2,0,25.0,1
16.9,57,6,2,2,28.5,1
16.1,61,6,0,2,30.5,1
16.8,58,9,1,2,29.0,1
14.8,68,6,2,0,34.0,1
14.7,70,6,1,2,35.0,1
17.1,60,4,1,2,30.0,1
18.7,55,7,0,1,27.5,1
20.4,49,7,0,2,24.5,1
22.2,45,11,2,0,22.5,2
24.8,37,11,0,2,18.5,2
26.8,38,11,0,2,19.0,2
28.6,33,13,0,0,16.5,2
29.5,32,9,2,1,16.0,1
30.9,30,11,1,2,15.0,2
30.9,29,4,1,2,14.5,1
31.2,28,4,2,1,14.0,1
30.8,29,13,1,1,14.5,2
29.2,34,15,1,2,17.0,2
26.9,40,11,2,0,20.0,2
25.9,41,11,1,2,20.5,2
24.0,46,11,0,0,23.0,2
23.9,47,17,2,1,23.5,2
23.6,46,15,2,1,23.0,2
22.2,49,11,0,0,24.5,2
19.3,59,9,0,1,29.5,1
18.7,64,7,0,0,32.0,1
18.5,65,0,0,2,32.5,1
18.2,67,9,2,0,33.5,1
18.8,65,13,2,1,32.5,2
20.4,61,6,2,2,30.5,1
21.8,56,11,0,2,28.0,2
24.0,44,19,0,0,22.0,2
24.8,42,24,0,0,21.0,0
25.5,39,20,0,0,19.5,2
26.7,37,22,0,2,18.5,0
28.0,31,24,2,0,15.5,0
28.4,28,26,0,2,14.0,0
28.8,29,26,0,0,14.5,0
28.9,29,33,2,1,14.5,0
28.2,29,30,1,1,14.5,0
27.7,33,26,1,0,16.5,0
26.5,40,28,0,2,20.0,0
25.4,46,26,1,1,23.0,0
23.8,52,22,1,0,26.0,2
22.5,58,24,2,2,29.0,2
22.2,60,15,0,1,30.0,2
21.8,61,15,2,0,30.5,2
21.2,65,13,2,2,32.5,2
19.2,82,15,0,0,41.0,2
18.5,85,9,2,2,42.5,1
18.2,86,0,0,1,43.0,1
18.6,86,7,0,0,43.0,1
18.8,86,4,1,2,43.0,1
18.2,88,9,0,2,44.0,1
18.3,89,11,0,0,44.5,2
18.5,88,9,0,0,44.0,1
18.6,87,9,0,1,43.5,1
19.2,87,9,0,2,43.5,1
18.8,86,13,1,2,43.0,2
18.4,88,15,1,2,44.0,2
20.4,82,9,2,0,41.0,1
21.1,79,11,0,0,39.5,2
21.5,72,9,0,1,36.0,1
19.7,69,20,1,0,34.5,2
17.7,86,11,1,2,43.0,2
18.2,82,28,2,2,41.0,2
16.1,83,24,0,0,41.5,2
15.4,82,20,0,1,41.0,2
15.2,80,15,2,0,40.0,2
14.9,76,17,0,1,38.0,2
14.0,80,9,0,0,40.0,1
13.1,84,0,0,0,42.0,1
12.2,88,4,1,0,44.0,1
11.8,88,6,1,0,44.0,1
12.0,84,7,1,1,42.0,1
12.6,81,4,0,1,40.5,1
13.2,79,9,1,2,39.5,1
13.5,82,7,2,1,41.0,1
14.8,77,11,0,2,38.5,2
15.7,75,15,0,0,37.5,2
16.1,75,15,0,0,37.5,2
17.1,71,11,0,2,35.5,2
18.7,68,13,0,1,34.0,2
19.5,65,11,2,2,32.5,2
20.1,60,13,1,1,30.0,2
20.9,57,9,2,2,28.5,1
21.6,60,0,1,0,30.0,1
21.5,55,6,1,0,27.5,1
22.3,55,4,2,1,27.5,1
22.2,52,4,1,1,26.0,1
21.5,53,7,1,1,26.5,1
20.4,54,9,2,1,27.0,1
20.4,53,9,1,0,26.5,1
19.6,55,7,0,0,27.5,1
18.9,57,4,1,1,28.5,1
16.4,68,0,2,1,34.0,1
15.0,75,4,0,2,37.5,1
12.6,82,6,0,0,41.0,1
14.5,81,6,1,1,40.5,1
14.0,80,9,2,1,40.0,1
15.0,77,7,0,2,38.5,1
16.6,75,9,1,2,37.5,1
18.8,73,4,0,2,36.5,1
21.1,66,0,2,1,33.0,1
22.9,63,7,1,0,31.5,1
24.6,56,0,0,2,28.0,1
26.1,56,9,2,0,28.0,1
26.7,53,6,0,2,26.5,1
27.1,50,13,1,0,25.0,2
27.6,52,13,2,1,26.0,2
28.1,53,17,1,0,26.5,2
28.1,53,17,0,1,26.5,2
27.6,53,22,0,0,26.5,2
25.5,58,24,2,0,29.0,2
24.4,61,15,0,0,30.5,2
23.1,65,19,1,2,32.5,2
22.4,67,19,0,1,33.5,2
21.9,67,22,1,0,33.5,2
21.1,69,19,0,2,34.5,2
20.7,71,13,1,1,35.5,2
19.7,77,15,1,0,38.5,2
19.4,79,15,1,0,39.5,2
19.2,78,17,0,1,39.0,2
19.1,79,19,1,0,39.5,2
19.0,80,17,2,2,40.0,2
20.6,73,17,0,2,36.5,2
21.6,70,20,1,0,35.0,2
22.8,66,20,1,0,33.0,2
23.3,64,20,1,0,32.0,2
24.9,60,20,1,0,30.0,2
25.5,59,22,2,2,29.5,2
25.9,57,20,2,0,28.5,2
27.2,55,28,2,0,27.5,2
26.0,58,19,1,0,29.0,2
27.1,54,26,1,2,27.0,2
27.3,52,24,0,1,26.0,2
27.2,53,19,2,1,26.5,2
26.2,54,20,1,2,27.0,2
26.4,53,22,1,1,26.5,2
21.3,83,13,2,2,41.5,2
22.1,80,15,1,1,40.0,2
21.5,81,11,1,1,40.5,2
21.3,69,17,1,1,34.5,2
19.8,73,9,1,2,36.5,1
19.3,71,13,0,0,35.5,2
18.6,67,11,0,0,33.5,2
17.1,65,13,0,1,32.5,2
16.4,66,9,2,0,33.0,1
16.3,65,9,2,1,32.5,1
17.1,63,9,2,0,31.5,1
18.1,62,9,0,2,31.0,1
19.4,63,6,2,1,31.5,1
21.1,59,9,1,2,29.5,1
21.6,56,7,1,2,28.0,1
22.6,53,0,1,0,26.5,1
23.3,52,13,1,0,26.0,2
24.4,40,30,1,1,20.0,0
24.2,42,22,1,2,21.0,0
23.2,44,20,1,1,22.0,2
23.8,42,22,2,0,21.0,0
23.1,42,19,0,0,21.0,2
22.2,42,20,0,1,21.0,2
21.0,42,13,0,2,21.0,2
18.5,48,9,0,2,24.0,1
16.6,55,7,1,2,27.5,1
17.3,52,6,1,2,26.0,1
15.6,59,6,1,0,29.5,1
15.7,57,6,1,1,28.5,1
14.6,62,9,2,0,31.0,1
13.9,63,11,0,0,31.5,2
14.8,45,13,2,0,22.5,2
14.4,48,13,0,0,24.0,2
13.7,52,13,2,1,26.0,2
14.2,45,17,0,1,22.5,2
14.6,49,9,0,2,24.5,1
15.6,43,11,2,1,21.5,2
17.1,44,9,2,0,22.0,1
18.6,38,0,1,2,19.0,1
19.5,36,4,2,2,18.0,1
19.7,36,0,0,1,18.0,1
20.2,38,13,0,2,19.0,2
21.2,36,0,0,1,18.0,1
20.3,37,11,0,2,18.5,2
20.4,38,13,2,0,19.0,2
20.3,37,6,1,2,18.5,1
19.2,45,7,0,1,22.5,1
18.1,57,0,0,0,28.5,1
18.2,53,4,0,2,26.5,1
18.4,52,0,2,1,26.0,1
17.5,58,0,0,0,29.0,1
17.6,57,6,1,0,28.5,1
17.5,63,4,1,0,31.5,1
17.4,57,13,0,1,28.5,2
16.6,58,11,0,0,29.0,2
16.6,58,9,2,2,29.0,1
16.6,58,17,0,2,29.0,2
16.4,55,19,2,0,27.5,2
16.4,55,24,1,0,27.5,2
16.6,50,22,2,1,25.0,2
16.7,53,28,2,2,26.5,2
17.0,53,20,0,0,26.5,2
18.0,51,22,1,0,25.5,2
17.8,52,24,2,2,26.0,2
16.1,62,20,1,0,31.0,2
17.0,52,26,2,1,26.0,2
19.1,48,28,1,2,24.0,0
17.5,49,24,2,2,24.5,0
17.3,49,22,1,0,24.5,0
17.4,50,26,2,2,25.0,2
16.8,53,26,1,1,26.5,2
15.9,55,22,2,2,27.5,2
15.3,58,20,0,1,29.0,2
14.6,59,19,1,0,29.5,2
14.0,63,15,0,1,31.5,2
13.2,66,13,0,0,33.0,2
12.7,69,15,2,1,34.5,2
11.9,71,9,0,0,35.5,1
12.2,70,11,1,0,35.0,2
11.8,67,15,2,1,33.5,2
11.4,74,30,2,1,37.0,2
11.0,87,15,1,2,43.5,2
10.9,88,9,1,0,44.0,1
12.4,87,6,0,2,43.5,1
15.4,84,0,0,2,42.0,1
18.6,80,4,2,0,40.0,1
20.4,75,4,1,1,37.5,1
22.2,72,7,1,1,36.0,1
24.2,67,7,2,0,33.5,1
26.1,64,6,0,2,32.0,1
25.6,64,11,1,2,32.0,2
26.8,62,13,0,2,31.0,2
21.0,80,15,0,0,40.0,2
20.7,81,13,2,2,40.5,2
20.4,84,28,1,2,42.0,2
20.1,87,24,2,2,43.5,2
20.2,87,11,2,2,43.5,2
20.1,87,17,0,1,43.5,2
20.8,82,9,1,0,41.0,1
20.5,83,6,2,0,41.5,1
20.6,80,17,1,2,40.0,2
19.7,71,24,2,2,35.5,2
18.6,59,22,1,0,29.5,2
17.6,60,19,2,1,30.0,2
16.6,66,13,0,0,33.0,2
15.9,68,11,0,0,34.0,2
17.2,63,15,2,2,31.5,2
17.8,62,17,0,1,31.0,2
19.1,58,19,2,1,29.0,2
20.5,51,20,0,2,25.5,2
21.5,49,15,1,0,24.5,2
22.1,45,17,0,1,22.5,2
23.1,38,35,1,0,19.0,0
23.5,37,30,1,2,18.5,0
23.5,38,32,0,2,19.0,0
23.5,39,22,1,0,19.5,0
23.7,37,15,0,1,18.5,2
23.1,39,24,1,0,19.5,0
22.4,41,20,0,1,20.5,2
20.5,44,0,1,2,22.0,1
18.3,51,6,2,0,25.5,1
17.3,58,7,0,2,29.0,1
17.4,60,9,0,2,30.0,1
16.8,64,15,0,1,32.0,2
16.7,67,6,1,1,33.5,1
16.3,70,7,2,1,35.0,1
15.6,75,4,1,0,37.5,1
15.5,67,9,1,1,33.5,1
13.6,71,11,0,0,35.5,2
13.9,68,9,1,0,34.0,1
14.4,67,15,1,1,33.5,2
13.1,76,15,2,2,38.0,2
14.9,66,13,1,0,33.0,2
16.2,64,11,2,0,32.0,2
15.9,62,9,0,1,31.0,1
16.9,61,4,2,0,30.5,1
16.8,58,0,2,1,29.0,1
18.4,49,20,0,2,24.5,2
18.8,48,19,2,2,24.0,2
18.1,44,19,2,0,22.0,2
18.8,43,19,0,1,21.5,2
18.9,43,15,1,1,21.5,2
18.4,40,22,2,1,20.0,0
17.1,44,15,1,2,22.0,2
14.8,47,13,0,2,23.5,2
12.8,56,9,0,1,28.0,1
12.5,58,7,1,1,29.0,1
12.8,57,7,2,1,28.5,1
11.6,59,6,1,0,29.5,1
11.3,59,7,0,0,29.5,1
10.8,59,9,0,2,29.5,1
9.5,62,9,2,0,31.0,1
10.1,60,11,0,2,30.0,2
10.7,60,11,1,1,30.0,2
11.6,62,7,1,0,31.0,1
14.6,54,9,1,0,27.0,1
15.2,45,11,1,2,22.5,2
17.1,44,11,2,1,22.0,2
18.5,31,20,1,1,15.5,2
18.4,31,17,2,1,15.5,2
19.3,35,20,0,1,17.5,2
19.5,36,17,0,2,18.0,2
19.6,37,15,2,2,18.5,2
19.8,38,17,2,2,19.0,2
20.2,35,22,0,0,17.5,0
20.2,35,19,0,0,17.5,2
20.1,36,19,1,1,18.0,2
20.0,38,19,2,0,19.0,2
19.9,37,20,0,0,18.5,2
19.6,40,26,2,2,20.0,0
19.6,42,20,0,0,21.0,2
18.2,52,19,2,0,26.0,2
17.5,54,15,2,0,27.0,2
15.9,66,19,0,1,33.0,2
14.6,68,19,1,2,34.0,2
14.2,70,19,1,0,35.0,2
13.6,76,24,1,2,38.0,2
13.4,76,24,0,2,38.0,2
13.6,76,19,0,0,38.0,2
13.4,73,17,1,0,36.5,2
12.3,84,11,0,2,42.0,2
13.1,79,13,0,2,39.5,2
12.5,84,7,1,1,42.0,1
12.5,86,7,0,1,43.0,1
12.8,86,9,0,1,43.0,1
13.1,86,11,2,1,43.0,2
13.6,84,20,2,1,42.0,2
13.9,82,17,1,2,41.0,2
13.5,85,22,2,0,42.5,2
13.5,85,17,2,0,42.5,2
13.1,88,19,0,0,44.0,2
13.2,88,9,2,1,44.0,1
12.9,85,4,0,1,42.5,1
13.0,86,7,2,0,43.0,1
13.3,83,15,1,0,41.5,2
13.1,83,6,0,0,41.5,1
13.1,84,9,2,2,42.0,1
13.0,87,6,0,2,43.5,1
13.1,87,6,1,0,43.5,1
12.9,86,4,1,0,43.0,1
13.0,84,7,0,1,42.0,1
12.0,87,0,1,0,43.5,1
13.6,84,9,1,1,42.0,1
14.6,76,15,2,2,38.0,2
14.9,74,13,1,2,37.0,2
16.1,71,11,2,0,35.5,2
17.7,65,13,0,0,32.5,2
18.2,60,11,1,2,30.0,2
18.4,57,9,0,2,28.5,1
18.9,59,24,1,0,29.5,2
19.6,56,24,2,1,28.0,2
18.5,59,24,1,1,29.5,2
18.3,60,33,0,2,30.0,2
17.8,57,30,1,1,28.5,2
16.6,63,30,2,0,31.5,2
15.3,65,28,0,0,32.5,2
14.1,64,32,2,1,32.0,2
13.8,64,28,1,2,32.0,2
13.6,64,30,1,0,32.0,2
13.3,65,30,2,1,32.5,2
12.8,69,33,0,2,34.5,2
11.9,75,19,2,0,37.5,2
11.8,75,22,0,0,37.5,2
11.5,76,24,0,0,38.0,2
11.0,80,22,0,2,40.0,2
11.0,82,20,2,1,41.0,2
11.3,81,22,0,0,40.5,2
11.7,77,33,2,0,38.5,2
11.6,80,24,2,0,40.0,2
11.6,77,28,2,0,38.5,2
12.4,72,28,1,0,36.0,2
13.1,68,28,1,1,34.0,2
13.0,68,22,1,1,34.0,2
13.0,69,24,0,0,34.5,2
14.3,63,20,1,1,31.5,2
15.8,57,22,1,1,28.5,2
16.0,54,22,1,0,27.0,2
15.9,56,22,0,0,28.0,2
16.5,54,15,2,1,27.0,2
16.3,54,20,1,1,27.0,2
15.6,58,13,2,0,29.0,2
14.5,63,15,2,2,31.5,2
14.6,58,17,2,2,29.0,2
14.6,56,11,2,1,28.0,2
13.8,55,13,1,1,27.5,2
13.7,64,15,0,1,32.0,2
12.7,65,13,1,0,32.5,2
11.4,73,15,0,1,36.5,2
10.7,75,13,1,0,37.5,2
10.7,76,13,1,1,38.0,2
12.6,69,15,2,1,34.5,2
14.3,59,20,0,0,29.5,2
15.9,53,26,1,2,26.5,2
17.4,50,19,0,1,25.0,2
18.8,45,19,0,1,22.5,2
19.8,39,26,1,1,19.5,0
20.3,36,20,0,0,18.0,2
21.3,32,15,1,2,16.0,2
21.6,32,7,1,2,16.0,1
21.9,32,11,2,0,16.0,2
22.6,35,4,2,1,17.5,1
22.2,34,15,0,2,17.0,2
20.9,40,11,2,0,20.0,2
17.0,65,22,0,1,32.5,2
15.6,77,9,1,1,38.5,1
16.3,66,6,2,2,33.0,1
14.7,78,7,1,1,39.0,1
16.4,63,15,2,0,31.5,2
14.7,64,9,2,2,32.0,1
13.8,64,9,2,0,32.0,1
12.6,67,11,1,0,33.5,2
11.0,75,9,0,2,37.5,1
11.2,75,6,2,1,37.5,1
12.0,72,9,1,0,36.0,1
12.4,73,15,0,2,36.5,2
14.1,68,13,0,0,34.0,2
15.3,69,7,2,2,34.5,1
16.1,65,9,1,0,32.5,1
17.6,60,11,1,2,30.0,2
19.4,52,7,0,0,26.0,1
19.8,52,9,1,0,26.0,1
19.6,52,0,0,0,26.0,1
20.6,50,4,0,1,25.0,1
20.3,49,7,0,0,24.5,1
21.3,43,13,2,1,21.5,2
20.6,42,11,1,0,21.0,2
20.0,45,15,2,1,22.5,2
18.9,48,15,0,1,24.0,2
17.4,60,9,1,1,30.0,1
16.3,65,11,1,1,32.5,2
17.4,59,9,0,1,29.5,1
17.1,59,11,1,2,29.5,2
14.9,68,9,0,1,34.0,1
13.3,76,7,0,1,38.0,1
12.8,80,11,0,0,40.0,2
12.3,80,17,0,0,40.0,2
12.0,78,9,1,1,39.0,1
11.3,81,11,2,0,40.5,2
12.3,77,13,1,2,38.5,2
13.9,69,4,2,2,34.5,1
15.9,64,11,1,1,32.0,2
17.5,59,6,0,0,29.5,1
19.4,53,6,1,0,26.5,1
20.1,54,7,1,2,27.0,1
20.8,50,13,1,1,25.0,2
21.6,51,11,0,0,25.5,2
22.7,43,11,2,2,21.5,2
22.3,43,13,1,2,21.5,2
22.8,42,15,0,2,21.0,2
22.6,42,11,2,0,21.0,2
22.0,40,9,0,1,20.0,1
22.2,43,11,2,2,21.5,2
21.7,45,11,0,2,22.5,2
18.6,59,30,0,1,29.5,2
16.4,73,17,0,2,36.5,2
16.3,77,17,0,0,38.5,2
15.9,83,13,0,2,41.5,2
15.7,83,7,1,0,41.5,1
15.3,86,11,1,1,43.0,2
14.1,85,7,2,0,42.5,1
13.9,83,7,1,1,41.5,1
14.4,81,7,0,1,40.5,1
16.2,75,17,0,0,37.5,2
16.7,70,22,1,0,35.0,2
17.3,69,22,2,2,34.5,2
17.7,72,17,2,0,36.0,2
18.3,70,13,2,0,35.0,2
18.6,69,17,1,0,34.5,2
19.5,69,17,0,1,34.5,2
20.5,68,20,2,0,34.0,2
20.2,62,17,2,2,31.0,2
19.4,66,20,2,0,33.0,2
18.4,73,4,0,0,36.5,1
20.0,70,7,0,0,35.0,1
19.0,75,0,2,0,37.5,1
19.0,64,15,0,0,32.0,2
16.0,67,9,2,1,33.5,1
14.1,68,9,1,2,34.0,1
13.5,68,6,2,1,34.0,1
12.0,74,9,1,2,37.0,1
12.8,73,6,0,2,36.5,1
12.9,72,0,2,2,36.0,1
12.2,74,0,0,1,37.0,1
11.5,75,0,2,0,37.5,1
10.0,81,0,1,1,40.5,1
11.1,81,6,0,1,40.5,1
14.2,73,0,0,2,36.5,1
16.0,66,6,2,1,33.0,1
18.4,54,4,0,0,27.0,1
19.3,47,0,1,1,23.5,1
21.0,50,4,1,0,25.0,1
21.2,47,15,2,0,23.5,2
22.2,43,17,2,2,21.5,2
23.0,37,19,0,1,18.5,2
23.2,36,7,1,2,18.0,1
23.8,31,20,0,0,15.5,2
23.9,33,17,1,1,16.5,2
23.8,34,17,1,2,17.0,2
23.6,35,11,2,2,17.5,2
21.8,40,9,0,2,20.0,1
18.5,51,6,1,1,25.5,1
19.4,44,6,2,1,22.0,1
17.0,50,4,1,2,25.0,1
16.9,55,4,2,1,27.5,1
15.8,65,6,2,1,32.5,1
15.6,66,4,2,2,33.0,1
13.7,78,0,0,1,39.0,1
14.3,84,4,2,2,42.0,1
12.4,87,4,2,1,43.5,1
13.9,73,6,1,1,36.5,1
16.6,63,0,2,1,31.5,1
18.0,55,4,1,0,27.5,1
20.2,50,6,1,0,25.0,1
21.2,50,6,0,2,25.0,1
23.5,48,7,2,0,24.0,1
24.6,33,7,2,2,16.5,1
25.4,33,7,1,1,16.5,1
25.5,28,11,0,0,14.0,2
26.5,27,6,2,2,13.5,1
26.5,34,6,0,0,17.0,1
26.8,37,6,1,0,18.5,1
26.6,35,6,2,2,17.5,1
26.5,34,15,0,0,17.0,2
26.0,34,9,2,2,17.0,1
25.3,32,9,2,0,16.0,1
22.8,40,7,0,1,20.0,1
22.7,41,9,2,1,20.5,1
23.0,41,11,1,1,20.5,2
21.7,44,6,2,2,22.0,1
20.4,49,0,2,2,24.5,1
18.9,58,7,0,1,29.0,1
18.5,61,9,0,2,30.5,1
18.1,62,11,0,0,31.0,2
17.5,69,11,2,0,34.5,2
19.5,65,7,0,0,32.5,1
19.4,70,11,2,0,35.0,2
20.2,70,9,1,0,35.0,1
22.4,65,7,1,2,32.5,1
24.8,59,4,2,2,29.5,1
26.6,56,4,2,0,28.0,1
27.3,55,7,1,1,27.5,1
28.7,53,15,1,2,26.5,2
29.4,51,17,2,1,25.5,2
30.1,50,17,1,0,25.0,2
29.6,48,22,1,0,24.0,0
29.1,51,22,2,0,25.5,2
28.2,54,19,0,1,27.0,2
27.1,56,19,0,0,28.0,2
25.9,57,20,1,1,28.5,2
25.3,59,20,2,1,29.5,2
24.7,61,22,1,2,30.5,2
23.8,64,17,1,0,32.0,2
22.7,67,19,2,0,33.5,2
21.7,68,17,0,2,34.0,2
20.9,69,19,1,1,34.5,2
20.2,69,17,1,0,34.5,2
19.5,68,19,0,0,34.0,2
19.3,67,17,2,2,33.5,2
19.5,67,15,2,0,33.5,2
21.1,64,22,2,1,32.0,2
21.8,63,19,2,0,31.5,2
22.8,61,19,2,0,30.5,2
23.9,59,15,1,2,29.5,2
24.7,57,24,1,0,28.5,2
24.4,59,17,0,2,29.5,2
19.8,82,19,0,1,41.0,2
19.0,90,19,0,2,45.0,2
19.1,89,15,0,2,44.5,2
18.4,90,22,2,2,45.0,2
18.2,89,20,2,0,44.5,2
18.2,89,20,0,2,44.5,2
17.9,89,20,1,2,44.5,2
18.5,86,19,2,2,43.0,2
18.4,86,19,2,0,43.0,2
18.6,85,17,1,0,42.5,2
18.6,85,13,1,1,42.5,2
18.5,86,11,1,2,43.0,2
19.6,83,15,1,0,41.5,2
19.6,82,19,1,1,41.0,2
19.3,83,22,0,2,41.5,2
18.7,82,22,1,2,41.0,2
17.2,81,22,2,2,40.5,2
17.7,79,22,1,1,39.5,2
18.1,77,20,0,0,38.5,2
17.9,71,32,2,1,35.5,2
17.0,71,24,1,1,35.5,2
17.9,64,19,1,0,32.0,2
19.5,60,13,1,1,30.0,2
19.6,56,13,2,1,28.0,2
20.4,53,15,1,1,26.5,2
20.7,50,9,0,0,25.0,1
21.9,49,17,0,1,24.5,2
21.8,45,17,1,1,22.5,2
22.2,45,19,2,0,22.5,2
21.6,47,20,2,2,23.5,2
20.0,47,17,0,0,23.5,2
17.6,53,11,0,2,26.5,2
15.1,63,7,2,1,31.5,1
14.6,64,11,2,2,32.0,2
15.2,55,11,0,0,27.5,2
14.5,54,11,1,0,27.0,2
13.4,58,9,1,0,29.0,1
13.0,60,9,2,1,30.0,1
12.3,62,13,1,2,31.0,2
12.4,60,15,2,2,30.0,2
12.4,64,9,0,0,32.0,1
14.7,57,9,0,0,28.5,1
16.5,55,13,2,0,27.5,2
18.5,50,11,0,0,25.0,2
20.0,39,19,1,0,19.5,2
20.0,34,17,0,1,17.0,2
21.2,38,9,0,2,19.0,1
21.3,34,24,1,1,17.0,0
22.2,34,19,1,0,17.0,2
22.4,33,15,2,1,16.5,2
22.9,35,11,0,0,17.5,2
22.5,36,7,2,1,18.0,1
22.9,36,15,2,0,18.0,2
22.7,38,17,1,2,19.0,2
22.5,36,13,2,0,18.0,2
21.7,35,15,2,0,17.5,2
21.0,38,11,0,0,19.0,2
20.2,39,9,2,2,19.5,1
19.6,40,6,2,1,20.0,1
18.9,41,6,2,0,20.5,1
17.1,48,6,0,0,24.0,1
14.2,66,13,1,0,33.0,2
13.8,73,13,0,0,36.5,2
13.0,77,15,1,0,38.5,2
13.3,75,15,1,1,37.5,2
15.6,63,17,1,0,31.5,2
16.8,59,19,0,2,29.5,2
18.6,55,17,0,1,27.5,2
20.3,45,17,1,0,22.5,2
21.4,37,13,0,0,18.5,2
22.2,40,15,2,1,20.0,2
23.5,35,11,1,1,17.5,2
24.4,32,15,1,1,16.0,2
24.3,30,11,1,2,15.0,2
24.9,29,17,1,1,14.5,2
25.0,28,15,2,0,14.0,2
24.8,28,11,0,2,14.0,2
24.5,30,9,2,1,15.0,1
23.2,40,15,0,2,20.0,2
22.0,43,15,2,2,21.5,2
22.1,40,11,1,2,20.0,2
21.3,44,13,2,1,22.0,2
20.1,50,11,2,2,25.0,2
17.5,61,9,1,1,30.5,1
16.1,69,11,0,2,34.5,2
15.3,72,13,0,0,36.0,2
14.7,71,17,1,1,35.5,2
13.8,72,19,1,0,36.0,2
13.9,70,13,1,1,35.0,2
15.2,66,17,1,2,33.0,2
16.2,64,15,1,2,32.0,2
17.4,60,9,2,2,30.0,1
18.9,59,11,0,2,29.5,2
21.6,54,4,1,2,27.0,1
21.9,52,6,0,1,26.0,1
23.8,51,6,1,1,25.5,1
24.6,47,9,2,0,23.5,1
24.9,49,6,2,0,24.5,1
26.0,46,6,2,0,23.0,1
26.5,38,7,2,2,19.0,1
26.5,39,4,0,1,19.5,1
26.2,41,6,2,2,20.5,1
25.0,47,7,0,0,23.5,1
23.1,49,4,1,0,24.5,1
20.8,58,0,1,1,29.0,1
21.5,54,9,2,2,27.0,1
20.9,60,0,0,0,30.0,1
19.3,65,0,1,2,32.5,1
19.8,68,7,1,1,34.0,1
18.6,72,11,1,2,36.0,2
18.4,74,13,1,1,37.0,2
17.4,77,9,2,0,38.5,1
17.3,79,6,2,2,39.5,1
18.9,74,9,2,2,37.0,1
20.2,69,11,1,2,34.5,2
22.2,64,9,2,2,32.0,1
23.4,60,9,1,1,30.0,1
25.0,58,9,2,1,29.0,1
25.7,56,9,2,2,28.0,1
26.0,55,6,0,0,27.5,1
26.6,55,11,0,1,27.5,2
26.1,55,17,1,2,27.5,2
27.0,54,17,1,2,27.0,2
27.4,51,20,1,1,25.5,2
26.2,49,19,0,1,24.5,2
26.0,54,17,2,2,27.0,2
25.5,57,17,0,2,28.5,2
24.5,56,15,2,1,28.0,2
24.1,54,19,1,1,27.0,2
23.4,55,22,0,0,27.5,2
23.2,55,13,1,0,27.5,2
21.7,59,15,2,1,29.5,2
20.5,64,13,2,2,32.0,2
19.7,67,19,0,1,33.5,2
19.3,69,17,0,2,34.5,2
18.4,72,17,0,1,36.0,2
17.9,74,19,1,1,37.0,2
18.2,73,20,2,0,36.5,2
19.3,69,17,0,2,34.5,2
20.6,66,17,1,1,33.0,2
22.0,62,17,1,2,31.0,2
22.6,59,19,1,2,29.5,2
24.0,57,19,2,2,28.5,2
25.3,52,19,0,2,26.0,2
25.3,50,20,0,2,25.0,2
26.1,47,22,1,2,23.5,0
25.8,46,24,0,1,23.0,0
25.6,47,24,2,0,23.5,0
25.2,48,20,0,2,24.0,2
24.1,50,22,1,1,25.0,2
23.2,53,20,2,2,26.5,2
22.3,56,7,0,0,28.0,1
21.8,59,9,2,2,29.5,1
21.5,62,13,0,1,31.0,2
21.5,65,13,2,1,32.5,2
20.8,68,13,1,2,34.0,2
20.0,71,9,1,0,35.5,1
19.1,74,9,1,2,37.0,1
18.3,76,9,2,1,38.0,1
18.1,75,9,2,2,37.5,1
18.0,76,6,1,0,38.0,1
18.8,74,9,1,1,37.0,1
19.6,71,22,2,1,35.5,2
20.7,69,6,2,1,34.5,1
22.0,67,15,2,2,33.5,2
23.2,64,13,2,1,32.0,2
24.3,61,11,2,1,30.5,2
25.3,60,9,0,2,30.0,1
25.8,62,15,0,2,31.0,2
26.5,63,11,0,0,31.5,2
28.1,58,20,2,2,29.0,2
27.7,59,17,2,1,29.5,2
28.0,60,19,2,1,30.0,2
27.9,59,19,1,0,29.5,2
27.0,62,20,1,1,31.0,2
26.1,66,19,1,2,33.0,2
25.9,67,11,1,0,33.5,2
25.5,69,9,0,2,34.5,1
25.3,69,13,2,1,34.5,2
25.0,68,17,0,2,34.0,2
25.0,67,19,2,2,33.5,2
24.1,70,24,0,0,35.0,2
23.7,72,20,1,2,36.0,2
23.1,74,13,0,0,37.0,2
23.0,74,19,0,0,37.0,2
24.2,69,22,2,1,34.5,2
25.4,64,24,1,2,32.0,2
25.3,64,19,0,2,32.0,2
26.3,62,17,2,0,31.0,2
27.4,61,9,1,0,30.5,1
28.5,59,17,1,0,29.5,2
29.1,58,20,2,2,29.0,2
29.7,56,19,2,1,28.0,2
31.7,51,17,2,1,25.5,2
32.2,47,22,1,1,23.5,0
32.2,49,26,2,1,24.5,0
32.3,49,15,0,1,24.5,2
32.4,48,17,2,1,24.0,2
30.6,57,11,0,2,28.5,2
29.7,60,17,0,0,30.0,2
28.0,66,15,0,1,33.0,2
28.1,62,24,0,0,31.0,2
27.3,65,19,2,1,32.5,2
26.5,67,20,1,1,33.5,2
25.9,68,22,0,0,34.0,2
25.1,70,11,2,2,35.0,2
24.6,71,11,0,2,35.5,2
24.0,71,11,2,0,35.5,2
24.1,70,17,0,0,35.0,2
24.5,68,17,1,1,34.0,2
25.6,65,17,0,2,32.5,2
26.0,63,11,1,2,31.5,2
28.1,58,19,1,2,29.0,2
29.4,55,17,2,2,27.5,2
30.8,53,13,0,2,26.5,2
31.8,52,15,0,1,26.0,2
31.6,52,24,1,2,26.0,2
32.6,49,20,0,1,24.5,2
33.0,44,24,2,0,22.0,0
32.5,42,24,1,1,21.0,0
32.1,43,30,1,0,21.5,0
31.1,47,22,2,0,23.5,0
30.3,46,30,2,1,23.0,0
28.9,51,22,2,1,25.5,2
28.1,53,20,0,2,26.5,2
27.5,55,17,2,1,27.5,2
26.7,58,17,2,2,29.0,2
25.8,63,9,1,0,31.5,1
24.8,66,9,0,1,33.0,1
24.7,62,15,1,0,31.0,2
24.0,64,22,1,2,32.0,2
23.0,68,19,2,1,34.0,2
22.6,70,20,0,2,35.0,2
22.7,71,19,2,0,35.5,2
23.4,69,19,1,1,34.5,2
23.0,70,17,0,0,35.0,2
24.6,65,17,1,0,32.5,2
24.4,63,19,1,0,31.5,2
24.7,63,22,0,0,31.5,2
26.8,58,22,2,1,29.0,2
28.0,45,20,2,1,22.5,2
29.1,40,22,1,0,20.0,0
29.0,39,20,2,0,19.5,2
28.5,38,22,0,0,19.0,0
27.9,38,24,0,1,19.0,0
27.2,38,17,2,1,19.0,2
25.7,42,11,2,1,21.0,2
23.2,46,7,1,1,23.0,1
22.8,50,9,0,2,25.0,1
21.1,55,9,2,1,27.5,1
20.0,59,9,2,2,29.5,1
19.6,62,7,2,1,31.0,1
20.8,57,9,1,1,28.5,1
20.1,60,13,0,2,30.0,2
19.5,63,13,1,1,31.5,2
19.5,63,15,0,0,31.5,2
19.3,64,15,0,1,32.0,2
17.4,74,15,1,1,37.0,2
18.6,73,11,2,1,36.5,2
20.0,62,15,1,2,31.0,2
21.5,54,15,2,2,27.0,2
22.2,51,7,1,0,25.5,1
23.8,46,11,2,2,23.0,2
25.1,38,13,1,0,19.0,2
25.6,36,19,0,0,18.0,2
26.1,30,15,2,1,15.0,2
26.4,27,13,1,1,13.5,2
26.5,27,22,1,2,13.5,0
26.4,24,15,2,2,12.0,2
25.8,24,20,0,2,12.0,2
25.8,24,13,1,1,12.0,2
23.5,31,6,2,0,15.5,1
20.1,43,0,2,2,21.5,1
19.6,45,0,0,0,22.5,1
18.8,51,0,0,1,25.5,1
18.3,52,0,0,2,26.0,1
17.6,56,6,0,1,28.0,1
14.1,70,4,1,2,35.0,1
14.9,68,0,1,2,34.0,1
14.4,70,11,0,2,35.0,2
14.0,73,6,0,2,36.5,1
17.8,62,4,0,0,31.0,1
20.0,61,7,0,2,30.5,1
22.2,48,7,2,1,24.0,1
23.2,52,11,2,2,26.0,2
24.3,49,15,2,1,24.5,2
26.3,41,17,2,1,20.5,2
27.1,31,9,1,1,15.5,1
27.3,34,17,2,1,17.0,2
26.8,33,19,2,1,16.5,2
26.7,33,22,2,0,16.5,0
26.4,33,19,2,0,16.5,2
21.5,54,32,0,2,27.0,2
19.4,65,26,0,1,32.5,2
19.0,73,20,0,2,36.5,2
18.7,77,24,0,2,38.5,2
18.6,73,19,2,2,36.5,2
18.3,72,9,1,0,36.0,1
17.8,74,13,0,1,37.0,2
16.7,82,9,2,2,41.0,1
15.7,87,9,0,1,43.5,1
15.7,88,7,0,2,44.0,1
15.9,90,9,0,2,45.0,1
16.1,88,15,0,2,44.0,2
16.4,87,15,2,2,43.5,2
16.7,86,15,2,2,43.0,2
17.2,80,15,2,1,40.0,2
18.7,74,17,1,1,37.0,2
18.8,69,26,0,0,34.5,2
17.9,72,24,1,1,36.0,2
19.8,65,22,1,0,32.5,2
19.0,63,26,1,0,31.5,2
19.7,63,19,2,1,31.5,2
20.2,60,26,2,2,30.0,2
18.8,60,28,0,2,30.0,2
18.1,62,26,2,0,31.0,2
16.5,69,26,2,2,34.5,2
16.0,71,28,1,0,35.5,2
15.0,76,22,2,0,38.0,2
15.2,78,11,0,0,39.0,2
16.6,76,13,0,0,38.0,2
17.1,71,24,1,2,35.5,2
16.7,72,22,2,1,36.0,2
16.6,71,26,1,0,35.5,2
16.2,71,24,0,2,35.5,2
15.7,72,11,0,1,36.0,2
15.8,71,13,2,0,35.5,2
15.6,70,13,2,2,35.0,2
15.4,71,17,0,1,35.5,2
15.6,70,17,0,1,35.0,2
16.0,69,11,1,1,34.5,2
16.4,67,17,1,0,33.5,2
16.9,66,9,1,0,33.0,1
17.0,65,13,2,0,32.5,2
17.6,64,11,2,1,32.0,2
16.9,70,15,0,1,35.0,2
16.2,71,26,2,0,35.5,2
16.3,74,20,2,0,37.0,2
16.6,71,20,2,1,35.5,2
15.8,80,17,2,1,40.0,2
16.1,79,13,2,0,39.5,2
15.6,82,13,2,2,41.0,2
15.4,83,15,2,1,41.5,2
15.3,85,15,2,1,42.5,2
15.4,85,15,0,0,42.5,2
15.4,84,15,0,0,42.0,2
15.4,84,15,1,2,42.0,2
15.7,83,17,1,2,41.5,2
15.7,83,13,1,0,41.5,2
15.6,83,11,2,2,41.5,2
15.3,84,9,1,1,42.0,1
15.2,83,13,1,0,41.5,2
15.2,82,17,0,0,41.0,2
15.4,81,15,2,1,40.5,2
16.3,77,20,2,1,38.5,2
18.0,72,28,2,1,36.0,2
18.0,68,20,2,1,34.0,2
18.7,69,20,1,2,34.5,2
17.8,76,24,0,0,38.0,2
19.8,67,20,2,0,33.5,2
19.3,73,13,2,2,36.5,2
19.1,76,19,0,0,38.0,2
19.6,75,19,2,2,37.5,2
20.3,68,20,2,2,34.0,2
19.9,70,20,0,2,35.0,2
21.1,64,15,2,0,32.0,2
19.4,70,17,2,0,35.0,2
19.3,68,11,1,1,34.0,2
19.3,66,13,0,2,33.0,2
18.7,71,11,1,1,35.5,2
17.5,80,9,0,2,40.0,1
17.2,81,6,0,2,40.5,1
17.7,75,11,2,0,37.5,2
17.6,76,7,0,0,38.0,1
17.5,76,6,1,1,38.0,1
17.7,78,11,0,1,39.0,2
17.6,78,9,2,0,39.0,1
17.7,77,11,0,2,38.5,2
18.6,76,11,2,0,38.0,2
19.4,72,9,2,1,36.0,1
20.4,67,11,0,2,33.5,2
21.7,64,11,0,1,32.0,2
23.0,60,13,0,0,30.0,2
24.6,56,9,2,1,28.0,1
24.9,54,17,2,0,27.0,2
25.5,53,22,1,1,26.5,2
27.0,47,22,1,0,23.5,0
27.1,45,22,1,2,22.5,0
27.2,40,19,2,2,20.0,2
26.4,41,19,1,0,20.5,2
25.4,46,13,0,0,23.0,2
24.1,52,11,0,0,26.0,2
23.6,56,11,0,1,28.0,2
22.5,63,11,1,1,31.5,2
21.9,67,15,0,2,33.5,2
22.2,60,15,2,0,30.0,2
21.1,67,4,2,2,33.5,1
20.3,73,7,0,0,36.5,1
19.5,81,7,0,2,40.5,1
18.8,86,9,2,2,43.0,1
18.9,85,13,0,0,42.5,2
19.7,83,17,2,2,41.5,2
21.4,75,20,1,1,37.5,2
22.8,72,24,1,1,36.0,2
24.8,66,24,2,1,33.0,2
25.5,64,26,1,1,32.0,2
26.5,64,26,1,0,32.0,2
27.3,59,32,2,1,29.5,2
28.6,53,37,0,0,26.5,2
29.8,46,33,1,0,23.0,0
30.7,38,32,0,1,19.0,0
31.1,33,28,0,0,16.5,0
30.2,33,30,1,2,16.5,0
29.8,35,24,0,0,17.5,0
28.5,37,17,0,0,18.5,2
27.6,42,9,1,0,21.0,1
26.5,50,22,1,0,25.0,2
25.7,48,22,0,2,24.0,0
24.5,50,17,0,2,25.0,2
23.1,49,20,0,1,24.5,2
22.6,49,15,2,2,24.5,2
22.0,51,17,2,0,25.5,2
21.2,57,17,0,2,28.5,2
20.5,62,20,1,0,31.0,2
20.8,59,26,2,1,29.5,2
21.6,59,28,2,1,29.5,2
22.1,59,20,0,1,29.5,2
23.4,57,26,2,1,28.5,2
24.2,53,26,0,0,26.5,2
25.1,52,30,1,1,26.0,2
26.3,50,26,0,2,25.0,2
27.6,48,26,1,1,24.0,0
28.0,45,30,2,0,22.5,0
29.9,37,33,2,1,18.5,0
28.8,38,28,2,2,19.0,0
29.0,38,26,2,1,19.0,0
24.8,64,11,1,2,32.0,2
24.3,61,22,2,1,30.5,2
23.9,64,7,0,0,32.0,1
22.9,66,6,1,1,33.0,1
23.6,64,13,1,1,32.0,2
23.3,61,7,2,0,30.5,1
22.3,66,4,2,1,33.0,1
22.0,67,0,1,1,33.5,1
21.1,76,6,0,0,38.0,1
20.4,76,9,0,2,38.0,1
20.2,67,7,2,0,33.5,1
20.0,61,6,2,0,30.5,1
20.2,60,0,2,2,30.0,1
21.0,60,7,1,2,30.0,1
21.3,61,11,0,1,30.5,2
21.6,58,6,1,0,29.0,1
22.9,54,4,1,0,27.0,1
23.4,54,13,0,2,27.0,2
24.6,53,19,1,0,26.5,2
24.2,51,22,2,1,25.5,2
25.4,49,22,1,2,24.5,0
25.1,50,17,1,0,25.0,2
24.7,51,15,0,2,25.5,2
24.7,51,15,1,2,25.5,2
25.3,51,11,1,1,25.5,2
24.5,52,17,2,0,26.0,2
23.6,51,15,1,1,25.5,2
21.9,57,11,2,2,28.5,2
21.3,59,7,0,1,29.5,1
19.6,66,11,1,0,33.0,2
19.1,67,9,0,2,33.5,1
18.1,72,13,2,1,36.0,2
17.3,74,7,0,2,37.0,1
16.6,77,7,2,1,38.5,1
16.6,77,6,2,0,38.5,1
16.8,75,0,2,0,37.5,1
16.6,78,6,2,0,39.0,1
19.5,71,6,1,1,35.5,1
21.5,65,9,2,0,32.5,1
22.2,63,15,2,0,31.5,2
23.4,59,15,1,0,29.5,2
23.6,59,13,0,2,29.5,2
25.2,55,19,2,0,27.5,2
25.9,53,15,0,2,26.5,2
26.5,45,17,1,0,22.5,2
26.7,42,19,2,0,21.0,2
28.3,37,30,2,0,18.5,0
28.0,36,22,0,0,18.0,0
26.3,35,26,1,1,17.5,0
25.9,37,20,2,2,18.5,2
24.5,39,15,0,1,19.5,2
21.7,47,9,2,2,23.5,1
20.0,54,6,2,2,27.0,1
19.1,57,6,2,1,28.5,1
19.0,59,7,1,0,29.5,1
18.2,62,7,1,0,31.0,1
16.7,67,4,2,2,33.5,1
17.2,67,4,2,1,33.5,1
16.9,66,0,1,2,33.0,1
14.3,78,6,0,1,39.0,1
17.6,64,6,2,0,32.0,1
18.5,62,9,0,0,31.0,1
20.3,53,6,1,2,26.5,1
21.5,51,0,1,2,25.5,1
21.9,50,9,0,1,25.0,1
23.0,49,4,1,2,24.5,1
24.1,47,9,2,1,23.5,1
25.2,45,11,0,2,22.5,2
26.9,43,13,0,1,21.5,2
27.3,41,9,0,2,20.5,1
26.9,40,15,2,1,20.0,2
27.4,37,15,2,1,18.5,2
27.5,34,15,1,1,17.0,2
27.0,36,11,0,0,18.0,2
25.3,51,17,1,2,25.5,2
24.8,47,17,0,0,23.5,2
25.0,50,13,1,1,25.0,2
21.5,66,17,0,0,33.0,2
20.8,69,0,2,2,34.5,1
19.8,78,6,1,1,39.0,1
19.4,84,6,1,2,42.0,1
19.3,84,13,1,1,42.0,2
19.3,83,13,1,1,41.5,2
19.9,83,13,0,2,41.5,2
20.3,82,15,2,0,41.0,2
20.5,82,15,1,0,41.0,2
21.1,81,15,1,1,40.5,2
22.3,77,17,2,1,38.5,2
23.2,74,17,0,1,37.0,2
24.6,71,19,0,1,35.5,2
24.8,70,24,1,2,35.0,2
26.1,70,24,1,1,35.0,2
27.0,66,24,0,2,33.0,2
27.5,63,24,2,0,31.5,2
28.4,60,19,2,2,30.0,2
26.7,67,15,1,1,33.5,2
21.6,91,11,2,0,45.5,2
23.4,85,9,1,0,42.5,1
23.3,83,6,1,1,41.5,1
21.8,85,9,0,0,42.5,1
21.2,84,9,1,1,42.0,1
21.1,77,17,2,0,38.5,2
19.1,82,11,2,1,41.0,2
17.9,82,9,1,2,41.0,1
17.2,86,6,0,2,43.0,1
16.6,88,11,1,1,44.0,2
16.8,87,11,2,1,43.5,2
15.8,90,7,1,1,45.0,1
16.1,90,9,1,0,45.0,1
18.3,79,13,2,1,39.5,2
19.4,74,17,0,1,37.0,2
20.4,71,7,2,1,35.5,1
21.1,69,6,0,1,34.5,1
22.0,67,9,1,2,33.5,1
23.3,65,7,2,1,32.5,1
23.3,65,6,2,0,32.5,1
24.3,63,9,0,0,31.5,1
24.5,59,11,0,1,29.5,2
24.3,63,11,2,1,31.5,2
24.8,66,17,1,1,33.0,2
25.8,60,17,2,0,30.0,2
25.0,62,19,1,0,31.0,2
24.5,65,15,1,2,32.5,2
23.4,68,13,1,0,34.0,2
23.1,69,9,1,1,34.5,1
21.9,77,9,0,1,38.5,1
20.8,82,7,0,1,41.0,1
20.5,81,7,2,2,40.5,1
20.7,81,0,0,0,40.5,1
19.9,83,4,2,2,41.5,1
19.1,83,7,2,1,41.5,1
19.3,82,7,1,2,41.0,1
19.3,83,6,2,2,41.5,1
20.7,82,9,0,2,41.0,1
20.6,79,13,0,1,39.5,2
22.1,71,15,2,1,35.5,2
23.8,65,19,1,1,32.5,2
25.7,64,15,2,0,32.0,2
26.9,59,15,2,0,29.5,2
27.7,54,22,0,2,27.0,2
28.5,55,22,0,0,27.5,2
29.0,53,22,1,0,26.5,2
29.6,55,20,0,1,27.5,2
30.5,55,20,2,1,27.5,2
29.5,57,15,0,1,28.5,2
29.7,59,11,0,1,29.5,2
29.1,61,15,0,0,30.5,2
28.7,64,13,0,2,32.0,2
28.3,67,7,1,1,33.5,1
26.8,75,9,0,0,37.5,1
26.3,73,11,2,2,36.5,2
25.8,74,6,0,1,37.0,1
25.1,62,11,1,1,31.0,2
24.0,62,7,1,1,31.0,1
24.1,61,9,1,1,30.5,1
23.9,61,13,2,1,30.5,2
22.2,72,11,2,2,36.0,2
23.2,70,9,0,2,35.0,1
23.5,67,19,2,1,33.5,2
23.3,65,17,2,2,32.5,2
23.1,65,15,0,0,32.5,2
24.1,61,19,2,2,30.5,2
24.4,60,17,0,1,30.0,2
26.5,54,22,0,0,27.0,2
27.8,50,20,2,2,25.0,2
28.8,47,17,2,0,23.5,2
28.9,47,22,0,0,23.5,0
29.1,44,17,2,1,22.0,2
28.7,42,20,0,2,21.0,2
27.7,47,15,2,1,23.5,2
26.4,50,13,1,1,25.0,2
25.5,51,9,2,1,25.5,1
24.5,54,11,1,1,27.0,2
23.2,60,9,2,2,30.0,1
23.8,54,17,0,2,27.0,2
22.0,59,17,1,1,29.5,2
21.0,60,15,1,0,30.0,2
20.0,63,11,0,2,31.5,2
17.7,68,7,1,1,34.0,1
16.3,77,7,2,2,38.5,1
16.6,80,9,0,1,40.0,1
18.6,68,15,1,1,34.0,2
18.8,65,20,2,0,32.5,2
19.3,43,22,1,1,21.5,0
20.6,46,20,0,1,23.0,2
21.6,41,22,2,2,20.5,0
22.0,38,19,2,0,19.0,2
23.0,38,24,2,2,19.0,0
23.9,35,17,0,0,17.5,2
24.5,39,17,2,1,19.5,2
24.3,37,15,2,0,18.5,2
24.5,34,24,0,2,17.0,0
24.2,35,26,1,1,17.5,0
23.6,38,20,1,0,19.0,2
22.2,41,19,1,0,20.5,2
20.3,46,11,1,2,23.0,2
19.8,46,9,1,0,23.0,1
17.9,53,7,0,2,26.5,1
17.1,57,9,1,2,28.5,1
16.0,63,13,0,1,31.5,2
14.4,70,9,0,2,35.0,1
14.9,68,9,2,2,34.0,1
13.2,76,9,2,0,38.0,1
13.5,74,9,2,2,37.0,1
12.8,80,7,0,2,40.0,1
16.1,65,13,1,0,32.5,2
17.8,55,11,1,1,27.5,2
18.2,52,11,0,1,26.0,2
19.2,48,9,2,1,24.0,1
19.9,45,17,2,0,22.5,2
21.4,42,20,0,1,21.0,2
22.2,38,13,2,2,19.0,2
23.1,38,19,0,1,19.0,2
24.3,32,22,2,2,16.0,0
24.4,29,17,0,2,14.5,2
24.5,28,15,1,0,14.0,2
24.2,29,11,1,2,14.5,2
23.6,34,13,1,1,17.0,2
22.3,38,13,0,1,19.0,2
19.5,47,7,2,0,23.5,1
19.9,46,6,2,2,23.0,1
17.6,57,4,2,0,28.5,1
16.3,64,6,2,2,32.0,1
18.2,64,7,2,1,32.0,1
18.7,55,13,1,1,27.5,2
17.0,63,7,0,2,31.5,1
16.6,69,9,2,1,34.5,1
16.4,77,11,0,1,38.5,2
16.6,73,9,2,2,36.5,1
17.1,73,9,0,2,36.5,1
19.3,62,9,0,2,31.0,1
20.4,65,15,0,2,32.5,2
22.3,55,9,0,2,27.5,1
23.6,47,9,1,2,23.5,1
25.0,41,15,0,0,20.5,2
25.9,35,26,2,2,17.5,0
25.8,33,22,1,0,16.5,0
27.0,36,19,1,0,18.0,2
26.5,38,19,0,2,19.0,2
26.1,38,13,2,1,19.0,2
26.5,36,13,0,0,18.0,2
25.6,35,19,0,1,17.5,2
23.9,42,13,0,2,21.0,2
21.5,46,11,2,2,23.0,2
21.9,40,11,0,0,20.0,2
20.2,41,7,2,2,20.5,1
17.7,52,9,0,0,26.0,1
18.5,45,7,0,0,22.5,1
15.5,62,0,0,2,31.0,1
14.9,63,4,0,0,31.5,1
15.1,54,4,2,0,27.0,1
13.5,72,4,0,1,36.0,1
13.1,75,4,1,2,37.5,1
15.4,70,6,2,1,35.0,1
18.2,57,4,2,0,28.5,1
20.4,48,4,1,0,24.0,1
22.5,44,9,1,2,22.0,1
23.9,39,7,2,0,19.5,1
24.9,39,9,2,0,19.5,1
26.4,33,13,1,0,16.5,2
26.7,33,15,0,0,16.5,2
27.4,32,13,1,1,16.0,2
27.8,31,19,0,0,15.5,2
27.6,31,20,1,1,15.5,2
27.5,34,19,2,1,17.0,2
27.3,30,19,1,2,15.0,2
26.5,33,13,2,1,16.5,2
25.6,39,9,0,1,19.5,1
22.5,51,13,1,1,25.5,2
21.8,51,9,0,2,25.5,1
22.8,50,17,1,0,25.0,2
21.8,57,11,1,2,28.5,2
18.5,72,6,0,1,36.0,1
20.6,61,6,1,1,30.5,1
20.6,60,11,2,1,30.0,2
20.3,61,7,0,2,30.5,1
17.7,73,9,0,2,36.5,1
20.2,60,17,2,1,30.0,2
21.6,57,15,0,2,28.5,2
22.6,55,13,1,2,27.5,2
24.2,61,15,2,1,30.5,2
26.0,50,20,1,0,25.0,2
27.6,42,22,1,2,21.0,0
29.0,40,22,1,1,20.0,0
29.6,38,24,1,1,19.0,0
30.8,35,24,1,1,17.5,0
30.6,34,24,1,1,17.0,0
30.4,34,24,2,0,17.0,0
29.8,36,19,2,1,18.0,2
29.1,39,13,0,1,19.5,2
28.2,42,11,2,0,21.0,2
26.9,47,7,2,0,23.5,1
25.7,52,6,2,1,26.0,1
24.4,64,9,2,2,32.0,1
23.5,63,11,2,0,31.5,2
21.8,73,6,2,1,36.5,1
22.6,64,7,0,0,32.0,1
22.4,61,9,2,2,30.5,1
21.1,67,11,1,2,33.5,2
20.8,68,13,0,1,34.0,2
20.7,68,15,2,0,34.0,2
21.7,69,15,1,1,34.5,2
22.5,63,15,2,0,31.5,2
24.4,56,13,1,0,28.0,2
25.9,56,15,0,1,28.0,2
27.2,54,15,0,2,27.0,2
29.0,46,17,1,0,23.0,2
30.1,40,19,2,1,20.0,2
31.2,37,20,2,1,18.5,2
32.1,26,20,0,1,13.0,2
31.9,30,22,1,2,15.0,0
31.6,30,22,0,1,15.0,0
31.4,34,20,1,1,17.0,2
30.9,37,13,0,1,18.5,2
29.9,41,11,0,1,20.5,2
28.5,46,11,1,1,23.0,2
27.4,51,11,0,0,25.5,2
26.6,54,9,2,2,27.0,1
26.0,55,7,1,1,27.5,1
25.2,59,11,1,1,29.5,2
25.0,55,15,1,2,27.5,2
24.2,59,11,1,0,29.5,2
23.3,61,13,0,1,30.5,2
23.1,62,15,2,0,31.0,2
23.0,68,13,0,0,34.0,2
23.4,66,15,2,0,33.0,2
24.3,64,13,2,2,32.0,2
25.7,58,17,1,2,29.0,2
27.3,53,15,1,2,26.5,2
30.2,47,17,1,0,23.5,2
29.6,56,17,2,2,28.0,2
31.7,49,22,2,2,24.5,0
31.9,47,19,1,0,23.5,2
32.7,35,28,2,0,17.5,0
33.0,38,22,0,1,19.0,0
32.9,35,24,1,2,17.5,0
32.5,38,19,0,1,19.0,2
31.5,46,15,0,1,23.0,2
30.8,47,11,0,1,23.5,2
29.8,48,9,0,0,24.0,1
28.3,56,9,1,1,28.0,1
27.8,56,11,0,0,28.0,2
26.0,66,9,1,1,33.0,1
25.5,67,7,1,0,33.5,1
25.2,67,9,0,1,33.5,1
24.5,71,9,2,1,35.5,1
24.1,71,11,2,2,35.5,2
21.6,79,7,0,2,39.5,1
23.2,74,9,0,0,37.0,1
23.9,71,9,2,2,35.5,1
24.5,68,9,1,0,34.0,1
25.8,62,15,1,0,31.0,2
26.5,63,13,1,2,31.5,2
28.1,58,13,1,0,29.0,2
29.3,58,15,0,0,29.0,2
29.4,56,9,2,2,28.0,1
30.5,51,15,0,0,25.5,2
30.2,55,17,0,1,27.5,2
22.7,90,24,1,2,45.0,2
24.0,81,0,2,1,40.5,1
23.5,84,11,2,2,42.0,2
24.4,79,0,1,1,39.5,1
23.8,85,20,0,0,42.5,2
23.2,80,6,0,2,40.0,1
23.0,78,9,0,1,39.0,1
22.2,82,7,2,0,41.0,1
21.8,85,6,0,1,42.5,1
21.2,87,6,0,2,43.5,1
21.6,87,0,0,0,43.5,1
20.4,89,6,0,1,44.5,1
20.8,91,7,0,1,45.5,1
20.4,93,0,1,2,46.5,1
20.3,96,4,1,1,48.0,1
21.8,88,6,2,0,44.0,1
23.0,82,6,2,0,41.0,1
24.5,80,7,2,0,40.0,1
25.7,74,9,0,1,37.0,1
26.8,70,9,1,0,35.0,1
27.4,66,13,0,2,33.0,2
27.4,65,11,0,2,32.5,2
28.1,61,15,0,2,30.5,2
28.1,64,13,1,0,32.0,2
28.6,60,11,0,0,30.0,2
28.8,50,15,1,2,25.0,2
28.7,46,19,1,2,23.0,2
27.6,51,15,2,1,25.5,2
26.5,57,4,2,1,28.5,1
24.3,67,7,0,2,33.5,1
24.5,69,4,2,0,34.5,1
24.2,67,9,0,2,33.5,1
23.5,71,6,1,1,35.5,1
23.8,68,0,0,2,34.0,1
24.4,63,6,1,1,31.5,1
23.9,75,6,0,1,37.5,1
23.3,81,4,2,1,40.5,1
22.8,86,7,1,2,43.0,1
20.6,88,19,2,0,44.0,2
19.6,93,15,2,2,46.5,2
19.9,95,9,0,1,47.5,1
21.5,93,19,1,1,46.5,2
22.9,91,17,1,2,45.5,2
24.7,79,19,0,1,39.5,2
27.2,66,22,2,0,33.0,2
28.3,65,17,1,1,32.5,2
29.4,66,9,1,1,33.0,1
25.5,87,17,2,1,43.5,2
25.8,80,4,2,0,40.0,1
23.8,88,24,2,1,44.0,2
25.9,80,7,2,2,40.0,1
26.0,71,19,2,1,35.5,2
24.3,72,19,2,0,36.0,2
23.2,75,11,2,1,37.5,2
23.0,76,9,0,0,38.0,1
22.4,78,9,2,1,39.0,1
21.6,80,13,0,1,40.0,2
20.7,82,9,1,2,41.0,1
21.3,79,11,2,1,39.5,2
19.9,87,7,0,0,43.5,1
19.3,88,9,0,0,44.0,1
19.0,86,6,0,1,43.0,1
18.8,88,0,1,0,44.0,1
20.0,84,6,0,2,42.0,1
20.5,78,11,1,1,39.0,2
21.1,66,22,2,1,33.0,2
22.6,55,24,1,2,27.5,2
22.3,47,26,2,1,23.5,0
22.6,48,24,2,2,24.0,0
23.2,44,24,0,1,22.0,0
23.9,43,24,0,2,21.5,0
23.3,43,19,1,2,21.5,2
24.0,41,26,0,2,20.5,0
24.1,40,24,2,0,20.0,0
23.5,42,15,0,1,21.0,2
22.6,48,17,1,2,24.0,2
21.5,50,17,1,2,25.0,2
20.0,53,13,0,0,26.5,2
19.4,54,11,0,2,27.0,2
17.5,63,11,2,1,31.5,2
15.7,72,7,0,0,36.0,1
14.4,79,4,1,0,39.5,1
14.2,82,7,1,1,41.0,1
14.6,77,6,2,2,38.5,1
13.8,80,7,0,2,40.0,1
12.4,88,6,2,0,44.0,1
12.7,86,0,0,0,43.0,1
15.2,76,6,2,1,38.0,1
16.7,63,11,2,0,31.5,2
18.4,56,6,1,1,28.0,1
19.3,54,6,2,1,27.0,1
19.2,51,9,2,0,25.5,1
20.3,52,7,1,2,26.0,1
21.5,48,6,2,2,24.0,1
21.3,45,7,1,0,22.5,1
22.6,42,4,2,1,21.0,1
22.9,41,13,0,2,20.5,2
22.8,38,11,1,1,19.0,2
22.9,39,15,0,1,19.5,2
21.9,41,15,1,0,20.5,2
21.4,44,11,2,2,22.0,2
20.0,47,7,1,1,23.5,1
19.2,52,13,2,0,26.0,2
18.7,57,11,0,1,28.5,2
19.5,48,15,2,0,24.0,2
17.2,60,11,1,1,30.0,2
16.0,65,15,2,1,32.5,2
14.6,73,11,1,0,36.5,2
14.2,75,11,2,0,37.5,2
14.4,71,11,2,1,35.5,2
14.5,71,13,0,0,35.5,2
15.5,68,13,1,1,34.0,2
17.1,63,9,0,0,31.5,1
19.3,55,9,1,0,27.5,1
20.3,51,11,1,0,25.5,2
21.3,51,13,1,0,25.5,2
21.3,51,9,0,0,25.5,1
22.6,43,6,0,0,21.5,1
23.2,44,9,0,2,22.0,1
23.9,41,13,0,2,20.5,2
24.2,40,4,0,1,20.0,1
24.4,39,11,0,2,19.5,2
24.2,40,4,2,2,20.0,1
24.6,39,4,0,2,19.5,1
23.5,36,7,0,0,18.0,1
22.2,44,6,1,2,22.0,1
19.6,61,0,1,1,30.5,1
18.1,69,0,1,0,34.5,1
18.2,68,0,0,0,34.0,1
17.2,74,4,1,2,37.0,1
17.2,73,0,2,1,36.5,1
15.1,84,0,2,1,42.0,1
14.0,89,0,1,0,44.5,1
14.6,90,0,1,0,45.0,1
14.5,88,4,0,1,44.0,1
16.9,81,4,1,1,40.5,1
20.0,73,0,1,0,36.5,1
21.1,65,0,1,0,32.5,1
22.3,61,7,1,2,30.5,1
23.2,57,9,0,1,28.5,1
24.7,50,9,0,1,25.0,1
24.9,45,6,1,1,22.5,1
25.5,43,11,2,2,21.5,2
26.2,45,17,0,0,22.5,2
26.3,42,17,2,1,21.0,2
26.2,44,15,0,2,22.0,2
26.9,40,15,0,1,20.0,2
26.1,38,15,1,2,19.0,2
25.4,42,13,0,2,21.0,2
24.6,50,13,0,1,25.0,2
23.4,52,4,0,2,26.0,1
23.0,62,4,1,1,31.0,1
22.9,59,9,1,1,29.5,1
22.7,61,11,1,2,30.5,2
22.5,64,13,0,0,32.0,2
22.4,67,15,2,2,33.5,2
22.4,62,15,2,2,31.0,2
21.9,66,15,1,1,33.0,2
21.8,64,15,2,1,32.0,2
22.2,64,17,2,1,32.0,2
22.5,65,19,1,0,32.5,2
23.3,69,19,0,2,34.5,2
25.2,64,26,1,2,32.0,2
25.7,64,22,0,2,32.0,2
26.8,61,24,1,2,30.5,2
27.8,56,22,2,2,28.0,2
28.3,56,20,1,0,28.0,2
28.3,55,20,2,1,27.5,2
30.1,52,20,1,1,26.0,2
29.9,48,24,0,0,24.0,0
29.1,51,17,0,2,25.5,2
29.2,47,20,0,1,23.5,2
28.6,47,20,0,2,23.5,2
27.3,55,13,0,2,27.5,2
26.9,55,15,0,2,27.5,2
25.8,60,11,1,2,30.0,2
25.0,64,9,2,0,32.0,1
24.3,67,11,1,0,33.5,2
24.3,66,11,1,1,33.0,2
23.8,69,9,1,2,34.5,1
23.4,72,9,2,2,36.0,1
23.0,74,11,0,0,37.0,2
23.1,72,13,1,0,36.0,2
23.5,73,13,1,2,36.5,2
24.1,73,17,2,2,36.5,2
24.8,72,19,1,1,36.0,2
26.3,67,19,1,0,33.5,2
27.6,67,20,1,2,33.5,2
27.8,65,15,0,0,32.5,2
28.8,60,13,1,2,30.0,2
30.1,56,11,0,2,28.0,2
30.7,52,17,1,0,26.0,2
30.1,53,11,0,1,26.5,2
29.9,52,9,2,0,26.0,1
19.4,93,4,1,0,46.5,1
20.6,91,30,1,1,45.5,2
20.7,87,20,2,0,43.5,2
21.0,86,9,0,1,43.0,1
18.1,98,11,2,0,49.0,2
18.7,96,7,0,0,48.0,1
19.6,95,11,2,1,47.5,2
19.3,94,6,1,1,47.0,1
19.4,93,11,0,1,46.5,2
19.3,94,0,1,2,47.0,1
18.2,98,4,1,2,49.0,1
18.9,98,7,2,1,49.0,1
19.5,95,6,1,0,47.5,1
20.5,91,7,0,2,45.5,1
21.6,87,13,1,1,43.5,2
22.7,81,13,2,1,40.5,2
23.5,70,19,2,2,35.0,2
24.0,62,19,0,2,31.0,2
23.4,67,17,2,0,33.5,2
23.5,66,22,1,1,33.0,2
23.8,56,30,0,2,28.0,2
24.5,46,28,0,2,23.0,0
23.0,45,24,0,2,22.5,0
23.8,47,20,0,0,23.5,2
23.0,48,24,0,0,24.0,0
22.1,52,15,1,2,26.0,2
21.4,53,15,0,1,26.5,2
20.7,58,17,0,1,29.0,2
19.6,62,17,2,1,31.0,2
19.0,65,19,0,0,32.5,2
18.0,70,17,2,1,35.0,2
16.6,76,11,1,2,38.0,2
15.8,78,4,1,2,39.0,1
15.4,83,9,1,1,41.5,1
15.4,83,11,1,2,41.5,2
14.5,86,7,2,2,43.0,1
13.8,89,7,0,1,44.5,1
16.2,82,11,2,2,41.0,2
17.5,71,13,1,2,35.5,2
18.8,68,13,2,0,34.0,2
19.6,65,11,1,2,32.5,2
21.1,58,11,0,1,29.0,2
22.3,57,13,1,0,28.5,2
23.2,52,9,0,0,26.0,1
23.4,52,19,0,2,26.0,2
23.6,53,22,2,1,26.5,2
24.8,50,19,2,2,25.0,2
24.7,51,22,2,2,25.5,2
24.1,48,28,2,1,24.0,0
23.7,51,20,0,0,25.5,2
23.4,52,17,0,1,26.0,2
23.2,49,15,1,2,24.5,2
21.8,60,13,0,1,30.0,2
21.2,63,13,2,0,31.5,2
20.8,63,11,0,1,31.5,2
21.3,65,13,1,2,32.5,2
20.4,66,13,2,0,33.0,2
20.3,66,11,2,1,33.0,2
20.6,68,9,0,0,34.0,1
20.6,67,6,0,2,33.5,1
20.0,72,7,1,1,36.0,1
19.6,77,9,2,2,38.5,1
19.4,81,7,0,2,40.5,1
20.4,71,4,1,2,35.5,1
20.6,72,9,2,1,36.0,1
20.6,76,11,2,1,38.0,2
21.9,76,7,0,1,38.0,1
21.1,74,6,0,1,37.0,1
21.3,73,4,2,0,36.5,1
21.6,74,6,2,2,37.0,1
21.3,75,4,1,2,37.5,1
21.9,72,7,2,2,36.0,1
21.7,72,7,0,0,36.0,1
21.6,73,11,2,1,36.5,2
21.0,80,11,2,1,40.0,2
20.5,83,4,1,1,41.5,1
20.3,84,4,0,1,42.0,1
18.8,92,0,1,2,46.0,1
18.6,93,0,0,2,46.5,1
18.1,94,0,0,1,47.0,1
17.2,96,0,0,2,48.0,1
16.9,96,4,0,0,48.0,1
15.9,96,4,0,2,48.0,1
17.5,92,0,2,2,46.0,1
16.2,96,7,2,0,48.0,1
18.4,82,17,1,1,41.0,2
19.0,74,24,2,0,37.0,2
20.2,69,13,1,2,34.5,2
21.1,66,7,0,1,33.0,1
22.0,66,6,2,1,33.0,1
23.4,65,4,0,1,32.5,1
24.1,59,6,1,2,29.5,1
24.8,58,0,2,2,29.0,1
26.6,55,0,2,2,27.5,1
26.1,57,11,1,1,28.5,2
25.6,55,6,2,1,27.5,1
25.8,54,6,1,2,27.0,1
26.1,51,7,1,2,25.5,1
23.7,66,4,2,2,33.0,1
22.5,69,6,2,2,34.5,1
21.4,74,4,1,0,37.0,1
21.3,72,0,0,0,36.0,1
21.1,76,0,0,1,38.0,1
22.8,69,9,2,0,34.5,1
22.3,50,4,2,2,25.0,1
20.8,57,13,0,2,28.5,2
18.7,76,11,1,0,38.0,2
17.6,70,13,1,0,35.0,2
17.4,67,15,0,2,33.5,2
18.1,65,17,2,1,32.5,2
19.5,58,15,2,0,29.0,2
20.3,57,17,2,0,28.5,2
20.7,59,19,0,1,29.5,2
21.6,57,15,0,1,28.5,2
23.9,54,20,0,0,27.0,2
23.9,55,13,1,0,27.5,2
25.5,44,13,1,0,22.0,2
26.4,38,13,1,0,19.0,2
26.7,38,22,1,1,19.0,0
25.8,42,17,0,2,21.0,2
26.2,38,17,0,0,19.0,2
26.2,37,15,1,0,18.5,2
25.6,38,13,2,0,19.0,2
24.6,42,9,0,0,21.0,1
22.8,50,4,0,0,25.0,1
19.5,66,7,0,2,33.0,1
18.9,72,9,2,1,36.0,1
18.5,74,9,2,1,37.0,1
18.4,74,13,0,2,37.0,2
17.7,73,15,2,1,36.5,2
17.1,66,15,2,2,33.0,2
16.8,67,13,2,2,33.5,2
16.6,69,13,1,1,34.5,2
17.6,66,15,2,0,33.0,2
19.2,64,15,2,2,32.0,2
20.5,63,13,1,2,31.5,2
22.2,63,9,2,0,31.5,1
24.0,65,7,1,0,32.5,1
24.7,61,11,1,1,30.5,2
26.6,57,6,2,2,28.5,1
26.6,57,9,2,1,28.5,1
27.3,55,4,0,0,27.5,1
27.8,54,11,1,2,27.0,2
27.5,54,0,1,0,27.0,1
27.0,54,7,2,0,27.0,1
26.8,55,6,0,1,27.5,1
26.5,57,6,1,1,28.5,1
25.8,59,9,0,1,29.5,1
25.3,65,11,1,0,32.5,2
22.5,83,4,1,1,41.5,1
21.2,85,4,2,2,42.5,1
21.9,77,0,1,0,38.5,1
19.7,85,6,2,0,42.5,1
20.6,88,6,1,1,44.0,1
20.5,87,4,2,0,43.5,1
19.0,81,6,1,2,40.5,1
17.9,93,0,2,1,46.5,1
20.5,80,6,2,2,40.0,1
21.6,76,6,1,1,38.0,1
22.4,70,7,2,1,35.0,1
24.1,64,7,0,0,32.0,1
25.0,57,15,0,0,28.5,2
26.0,51,15,0,1,25.5,2
27.2,50,19,2,2,25.0,2
28.5,45,15,1,2,22.5,2
29.3,44,17,0,1,22.0,2
29.0,39,17,0,2,19.5,2
29.9,39,9,1,2,19.5,1
29.4,36,9,2,0,18.0,1
28.2,46,13,2,1,23.0,2
26.9,53,11,1,0,26.5,2
25.2,59,7,1,2,29.5,1
24.3,63,11,1,0,31.5,2
23.8,68,9,2,2,34.0,1
22.9,73,6,0,2,36.5,1
22.2,82,6,0,2,41.0,1
21.3,81,9,1,2,40.5,1
21.5,74,13,2,2,37.0,2
20.1,78,13,1,0,39.0,2
19.4,80,9,1,2,40.0,1
19.8,84,11,0,0,42.0,2
21.1,81,7,1,2,40.5,1
22.6,76,9,1,1,38.0,1
24.2,71,9,1,1,35.5,1
25.9,68,7,2,2,34.0,1
27.3,64,11,0,2,32.0,2
28.4,63,13,2,2,31.5,2
28.9,61,19,1,1,30.5,2
28.7,56,19,1,0,28.0,2
28.8,53,20,1,0,26.5,2
28.8,53,19,2,1,26.5,2
28.8,56,22,0,0,28.0,2
28.0,54,20,2,2,27.0,2
25.3,69,17,2,2,34.5,2
24.8,67,22,0,2,33.5,2
22.4,80,35,2,0,40.0,2
22.8,78,13,1,0,39.0,2
22.8,81,7,2,0,40.5,1
21.8,85,4,0,2,42.5,1
21.0,93,0,1,0,46.5,1
21.0,92,4,2,2,46.0,1
21.3,87,9,0,0,43.5,1
20.8,89,9,1,0,44.5,1
20.8,88,6,0,1,44.0,1
20.8,85,9,0,1,42.5,1
20.4,89,7,2,1,44.5,1
20.8,88,11,2,1,44.0,2
21.2,87,9,1,0,43.5,1
22.0,83,13,0,1,41.5,2
24.1,75,13,2,0,37.5,2
24.1,69,17,1,2,34.5,2
25.2,67,13,0,1,33.5,2
25.7,63,15,0,2,31.5,2
26.9,63,15,2,0,31.5,2
27.3,59,13,2,0,29.5,2
27.8,58,9,2,0,29.0,1
27.4,60,13,1,1,30.0,2
27.0,61,15,2,0,30.5,2
26.3,65,13,2,2,32.5,2
25.7,67,15,1,0,33.5,2
23.1,84,6,1,0,42.0,1
24.2,79,7,0,1,39.5,1
23.9,78,6,2,0,39.0,1
23.9,78,7,2,2,39.0,1
22.6,83,7,1,2,41.5,1
21.8,87,9,2,1,43.5,1
22.2,88,11,1,1,44.0,2
21.5,89,11,1,2,44.5,2
21.3,90,7,2,0,45.0,1
21.7,88,15,0,2,44.0,2
22.5,86,13,1,1,43.0,2
23.9,78,11,2,1,39.0,2
24.5,75,17,0,2,37.5,2
25.8,68,11,0,1,34.0,2
27.3,65,17,0,2,32.5,2
27.4,58,13,0,2,29.0,2
29.1,51,20,2,2,25.5,2
29.6,52,13,2,0,26.0,2
29.8,52,19,2,0,26.0,2
30.0,48,22,2,0,24.0,0
29.9,43,20,0,2,21.5,2
28.4,48,15,0,1,24.0,2
27.7,45,15,1,2,22.5,2
27.2,48,19,0,1,24.0,2
26.8,50,24,0,0,25.0,2
25.7,55,17,1,2,27.5,2
25.0,62,24,2,2,31.0,2
24.4,63,17,2,0,31.5,2
24.1,64,13,2,2,32.0,2
23.5,68,13,2,2,34.0,2
23.4,72,15,2,2,36.0,2
22.9,73,15,1,0,36.5,2
22.3,76,11,1,1,38.0,2
22.5,77,13,2,1,38.5,2
23.2,75,17,0,2,37.5,2
24.1,71,13,0,1,35.5,2
25.6,62,15,0,1,31.0,2
26.0,60,11,1,1,30.0,2
27.1,55,13,0,1,27.5,2
27.1,53,17,1,2,26.5,2
28.2,49,19,2,0,24.5,2
27.6,48,24,0,0,24.0,0
29.2,47,17,0,0,23.5,2
28.9,45,20,2,2,22.5,2
28.0,48,20,2,2,24.0,2
27.2,51,11,0,1,25.5,2
25.5,54,7,0,0,27.0,1
23.9,60,6,0,2,30.0,1
22.0,68,6,0,1,34.0,1
23.3,61,9,0,0,30.5,1
23.1,61,4,1,2,30.5,1
21.3,69,9,0,1,34.5,1
22.3,64,9,0,0,32.0,1
22.0,64,7,1,0,32.0,1
21.8,64,6,2,2,32.0,1
22.1,61,7,2,1,30.5,1
21.3,64,11,2,0,32.0,2
20.2,77,9,1,2,38.5,1
21.8,67,17,1,1,33.5,2
23.1,63,13,2,0,31.5,2
24.7,60,15,2,2,30.0,2
27.2,54,13,2,0,27.0,2
28.3,54,17,0,1,27.0,2
30.1,52,9,1,2,26.0,1
31.2,46,11,0,2,23.0,2
32.0,44,17,1,0,22.0,2
32.8,44,17,1,1,22.0,2
32.5,44,15,0,2,22.0,2
32.5,47,13,2,1,23.5,2
32.2,49,13,1,1,24.5,2
30.8,50,20,0,0,25.0,2
29.2,53,19,0,1,26.5,2
27.5,58,17,1,0,29.0,2
26.5,60,13,2,1,30.0,2
26.2,63,17,1,0,31.5,2
25.7,67,19,1,0,33.5,2
25.1,70,19,2,2,35.0,2
24.2,74,19,0,0,37.0,2
24.4,73,22,0,2,36.5,2
24.3,75,19,2,0,37.5,2
24.1,77,22,0,1,38.5,2
24.6,77,19,0,2,38.5,2
25.9,73,22,2,1,36.5,2
26.5,72,24,2,1,36.0,2
26.9,71,24,0,1,35.5,2
24.8,88,22,1,1,44.0,2
27.9,76,24,0,2,38.0,2
29.7,64,19,2,1,32.0,2
25.2,88,24,1,0,44.0,2
24.9,89,26,1,0,44.5,2
29.0,76,13,1,1,38.0,2
31.1,58,28,1,1,29.0,2
30.1,59,22,1,0,29.5,2
25.0,83,22,1,0,41.5,2
24.2,89,26,1,0,44.5,2
24.3,86,32,2,1,43.0,2
23.9,85,32,1,0,42.5,2
23.9,79,26,0,2,39.5,2
23.1,70,30,1,1,35.0,2
21.7,60,24,1,0,30.0,2
20.7,67,24,1,0,33.5,2
19.6,69,22,1,1,34.5,2
18.7,70,22,1,2,35.0,2
17.7,75,13,2,0,37.5,2
16.6,81,9,0,0,40.5,1
18.0,76,13,1,2,38.0,2
19.0,73,17,1,1,36.5,2
19.7,68,17,2,1,34.0,2
20.0,65,20,0,0,32.5,2
20.8,62,22,0,1,31.0,2
22.1,59,28,1,2,29.5,2
21.9,57,24,1,1,28.5,2
21.4,61,13,1,0,30.5,2
22.5,55,13,0,1,27.5,2
22.6,58,22,2,0,29.0,2
23.0,51,19,1,2,25.5,2
23.0,53,24,1,2,26.5,2
23.0,53,15,2,0,26.5,2
21.6,57,9,2,1,28.5,1
22.1,58,9,1,2,29.0,1
21.7,64,9,2,1,32.0,1
20.1,75,13,1,1,37.5,2
20.6,71,11,0,0,35.5,2
19.6,80,13,0,1,40.0,2
19.3,79,17,2,0,39.5,2
18.9,77,19,2,0,38.5,2
18.2,83,13,0,1,41.5,2
18.5,83,11,0,1,41.5,2
16.6,90,7,2,2,45.0,1
17.9,85,6,0,0,42.5,1
19.6,80,15,0,1,40.0,2
21.2,74,17,2,1,37.0,2
22.8,68,19,1,1,34.0,2
24.1,65,24,2,2,32.5,2
25.3,60,22,1,2,30.0,2
26.5,53,17,1,1,26.5,2
27.7,48,20,0,1,24.0,2
27.6,44,20,0,1,22.0,2
28.7,40,24,2,2,20.0,0
27.4,43,17,2,2,21.5,2
27.8,40,15,0,1,20.0,2
27.0,44,15,0,2,22.0,2
26.3,49,13,1,1,24.5,2
25.8,47,17,0,2,23.5,2
21.2,68,22,2,1,34.0,2
20.2,80,0,0,2,40.0,1
20.2,84,9,0,1,42.0,1
19.3,92,7,0,2,46.0,1
18.7,95,7,2,0,47.5,1
18.3,96,4,0,1,48.0,1
17.4,98,4,1,1,49.0,1
17.2,98,4,1,0,49.0,1
16.8,99,0,2,2,49.5,1
18.1,95,0,2,2,47.5,1
19.3,89,6,0,2,44.5,1
21.1,80,0,0,0,40.0,1
22.5,69,4,2,2,34.5,1
24.1,61,9,1,1,30.5,1
24.8,55,4,1,1,27.5,1
26.4,40,0,2,2,20.0,1
27.4,44,4,2,1,22.0,1
28.0,47,11,1,1,23.5,2
28.3,43,7,1,0,21.5,1
28.0,48,9,1,0,24.0,1
24.8,62,19,0,0,31.0,2
25.1,60,9,1,0,30.0,1
25.1,61,7,1,1,30.5,1
24.3,65,11,2,1,32.5,2
23.0,73,6,1,2,36.5,1
23.5,67,4,1,2,33.5,1
23.1,69,6,0,2,34.5,1
22.8,73,9,0,0,36.5,1
22.8,68,11,0,0,34.0,2
22.4,70,4,2,0,35.0,1
21.8,76,9,2,1,38.0,1
21.4,78,11,0,1,39.0,2
21.1,77,13,0,0,38.5,2
20.9,78,15,1,0,39.0,2
20.7,81,13,1,2,40.5,2
21.1,80,19,1,1,40.0,2
21.7,77,22,0,1,38.5,2
21.7,75,17,1,0,37.5,2
23.2,69,13,1,1,34.5,2
24.2,67,17,0,0,33.5,2
23.6,68,19,1,1,34.0,2
24.0,68,20,0,0,34.0,2
23.7,66,17,2,0,33.0,2
22.3,80,19,2,1,40.0,2
21.3,85,17,1,1,42.5,2
20.4,89,20,2,2,44.5,2
20.2,88,13,2,1,44.0,2
20.2,86,15,0,1,43.0,2
19.9,86,19,0,1,43.0,2
20.1,82,19,1,2,41.0,2
19.8,84,20,0,1,42.0,2
19.5,85,17,1,1,42.5,2
19.3,85,19,1,1,42.5,2
20.1,82,13,0,0,41.0,2
19.7,86,13,1,0,43.0,2
19.3,90,9,2,1,45.0,1
19.0,92,19,2,2,46.0,2
19.0,92,9,2,2,46.0,1
19.7,91,7,0,2,45.5,1
20.8,89,9,2,1,44.5,1
20.2,91,13,1,1,45.5,2
20.2,90,11,1,2,45.0,2
19.9,92,15,1,0,46.0,2
20.8,88,17,0,0,44.0,2
21.3,88,19,2,0,44.0,2
21.7,86,19,0,2,43.0,2
21.0,91,20,1,2,45.5,2
20.7,90,20,2,0,45.0,2
20.6,91,20,2,2,45.5,2
20.0,93,22,2,2,46.5,2
19.6,93,24,0,0,46.5,2
19.1,93,17,2,2,46.5,2
18.5,95,22,0,1,47.5,2
18.2,95,20,2,2,47.5,2
18.0,95,19,1,1,47.5,2
17.9,94,20,0,1,47.0,2
17.5,95,19,2,0,47.5,2
17.6,95,19,0,0,47.5,2
17.5,95,22,2,2,47.5,2
17.2,97,24,1,2,48.5,2
17.2,97,22,1,1,48.5,2
17.4,96,20,1,0,48.0,2
18.4,93,17,2,0,46.5,2
19.4,90,15,0,2,45.0,2
20.4,86,15,0,1,43.0,2
22.3,82,11,1,1,41.0,2
23.9,78,13,1,0,39.0,2
26.1,72,9,1,2,36.0,1
26.9,66,15,2,2,33.0,2
27.3,65,17,0,2,32.5,2
27.5,63,19,2,2,31.5,2
26.8,68,9,1,0,34.0,1
20.2,96,32,1,0,48.0,2
19.6,95,19,2,2,47.5,2
20.4,89,11,1,2,44.5,2
19.9,94,13,0,0,47.0,2
20.0,91,9,1,1,45.5,1
20.0,92,9,0,0,46.0,1
20.0,93,9,1,2,46.5,1
20.1,93,4,2,2,46.5,1
19.7,97,6,1,1,48.5,1
19.7,96,4,1,0,48.0,1
19.5,97,0,2,2,48.5,1
19.5,96,4,1,2,48.0,1
19.6,95,4,2,0,47.5,1
19.8,95,9,2,1,47.5,1
20.5,91,7,0,2,45.5,1
21.6,79,15,1,1,39.5,2
22.3,70,19,1,1,35.0,2
22.9,68,17,1,0,34.0,2
24.0,67,13,0,2,33.5,2
24.4,63,17,1,0,31.5,2
25.4,60,13,0,2,30.0,2
26.4,56,13,0,2,28.0,2
26.2,57,15,1,0,28.5,2
26.7,55,17,1,0,27.5,2
26.0,57,17,2,0,28.5,2
23.2,75,15,0,2,37.5,2
23.2,72,15,0,2,36.0,2
22.9,72,13,0,1,36.0,2
22.3,76,11,0,1,38.0,2
21.8,78,17,0,1,39.0,2
21.8,78,19,2,2,39.0,2
21.3,78,22,2,2,39.0,2
20.9,81,15,0,1,40.5,2
20.4,84,13,1,2,42.0,2
20.2,87,9,1,1,43.5,1
19.5,87,9,1,1,43.5,1
19.5,88,13,1,1,44.0,2
19.7,88,13,0,0,44.0,2
19.9,86,19,1,2,43.0,2
20.9,83,13,1,2,41.5,2
21.9,79,15,0,1,39.5,2
22.4,75,22,1,2,37.5,2
22.5,75,20,1,1,37.5,2
23.8,67,17,1,1,33.5,2
25.2,64,20,1,2,32.0,2
25.1,62,19,2,0,31.0,2
25.4,61,13,2,1,30.5,2
25.2,61,19,2,0,30.5,2
24.5,67,11,1,2,33.5,2
24.6,62,11,1,1,31.0,2
24.4,65,7,0,2,32.5,1
23.2,71,7,1,0,35.5,1
22.4,75,6,0,2,37.5,1
22.2,76,9,1,1,38.0,1
21.7,76,9,2,0,38.0,1
21.2,79,7,1,1,39.5,1
21.1,81,9,1,2,40.5,1
20.9,85,11,2,2,42.5,2
20.7,82,11,1,0,41.0,2
19.5,88,6,1,1,44.0,1
19.8,86,7,1,0,43.0,1
20.9,79,9,1,1,39.5,1
21.0,76,13,0,1,38.0,2
21.9,74,9,1,0,37.0,1
21.9,78,11,2,2,39.0,2
21.9,79,15,0,0,39.5,2
21.9,80,15,1,0,40.0,2
22.6,78,9,0,0,39.0,1
23.7,76,15,1,1,38.0,2
24.2,71,13,1,0,35.5,2
25.7,64,15,1,0,32.0,2
24.5,64,7,1,2,32.0,1
24.9,62,7,0,0,31.0,1
24.5,63,6,1,2,31.5,1
24.3,65,0,1,2,32.5,1
23.3,71,6,1,2,35.5,1
23.0,76,6,0,1,38.0,1
22.2,76,4,0,1,38.0,1
21.7,79,4,2,1,39.5,1
21.4,78,4,1,2,39.0,1
21.2,82,20,2,2,41.0,2
19.5,95,9,2,1,47.5,1
19.1,93,9,0,2,46.5,1
18.8,93,4,2,2,46.5,1
18.9,92,4,2,1,46.0,1
19.3,89,0,1,1,44.5,1
18.8,93,0,2,2,46.5,1
20.1,89,0,2,1,44.5,1
21.0,85,11,0,0,42.5,2
21.5,82,13,2,2,41.0,2
21.6,81,9,0,0,40.5,1
23.7,70,7,1,2,35.0,1
25.3,64,9,0,1,32.0,1
25.2,59,15,2,0,29.5,2
25.7,62,15,2,1,31.0,2
25.7,56,17,1,2,28.0,2
25.6,54,13,0,1,27.0,2
24.9,58,13,2,0,29.0,2
22.5,67,7,1,0,33.5,1
21.7,70,6,2,1,35.0,1
20.4,75,6,0,2,37.5,1
19.9,78,7,0,2,39.0,1
20.6,77,0,2,1,38.5,1
18.9,84,9,1,2,42.0,1
18.5,85,9,1,1,42.5,1
17.8,88,6,1,0,44.0,1
17.4,89,6,1,0,44.5,1
16.7,91,6,2,1,45.5,1
16.6,92,0,1,2,46.0,1
18.2,85,0,1,0,42.5,1
19.3,85,9,1,1,42.5,1
20.5,81,7,0,1,40.5,1
21.7,79,0,2,2,39.5,1
23.8,69,0,1,1,34.5,1
23.8,67,7,1,2,33.5,1
24.9,60,6,0,0,30.0,1
25.8,59,11,1,2,29.5,2
25.9,53,17,1,2,26.5,2
26.9,50,13,2,2,25.0,2
27.0,41,7,0,2,20.5,1
26.4,49,9,0,2,24.5,1
24.9,52,7,0,1,26.0,1
23.7,54,4,1,0,27.0,1
23.5,60,6,0,2,30.0,1
21.6,77,6,1,2,38.5,1
22.0,76,4,2,0,38.0,1
22.3,75,9,2,1,37.5,1
21.9,74,7,1,2,37.0,1
21.1,79,11,0,2,39.5,2
18.9,86,4,2,0,43.0,1
18.7,86,0,1,2,43.0,1
18.2,88,11,0,2,44.0,2
17.6,86,7,2,0,43.0,1
18.2,81,11,1,1,40.5,2
19.5,80,15,1,2,40.0,2
21.1,79,17,1,0,39.5,2
21.4,76,17,1,1,38.0,2
21.8,74,13,0,1,37.0,2
23.5,70,11,1,1,35.0,2
22.7,80,15,1,1,40.0,2
24.1,74,20,1,1,37.0,2
24.8,68,24,1,1,34.0,2
24.9,57,30,2,1,28.5,2
24.3,55,28,1,2,27.5,2
24.8,57,30,2,0,28.5,2
23.9,62,24,0,0,31.0,2
23.4,64,17,0,2,32.0,2
22.4,66,13,2,1,33.0,2
21.7,65,9,1,1,32.5,1
21.1,65,13,2,1,32.5,2
18.6,70,13,2,1,35.0,2
18.1,64,11,2,0,32.0,2
17.7,66,9,1,2,33.0,1
15.3,76,7,1,0,38.0,1
15.7,75,7,2,1,37.5,1
14.8,77,11,0,0,38.5,2
14.8,78,13,2,1,39.0,2
15.1,82,17,0,2,41.0,2
15.6,80,20,0,1,40.0,2
17.1,75,17,1,1,37.5,2
18.0,67,19,0,1,33.5,2
18.3,65,17,2,2,32.5,2
19.0,59,19,2,1,29.5,2
21.0,53,22,1,2,26.5,2
21.2,50,20,0,2,25.0,2
20.1,53,17,2,0,26.5,2
22.0,44,20,0,0,22.0,2
21.3,42,22,0,2,21.0,0
21.3,43,13,1,2,21.5,2
20.8,40,15,2,0,20.0,2
18.4,49,11,2,1,24.5,2
18.6,50,7,2,1,25.0,1
15.9,62,6,0,0,31.0,1
15.2,66,6,1,2,33.0,1
16.6,66,0,2,1,33.0,1
16.0,75,9,1,1,37.5,1
16.6,65,13,1,2,32.5,2
16.3,72,13,1,1,36.0,2
15.8,74,11,0,0,37.0,2
13.3,85,7,0,2,42.5,1
12.8,89,9,1,0,44.5,1
15.2,82,15,1,2,41.0,2
16.5,78,13,0,0,39.0,2
17.5,76,15,2,1,38.0,2
19.4,72,11,1,0,36.0,2
20.6,68,9,0,0,34.0,1
22.5,58,15,1,1,29.0,2
23.3,51,15,2,0,25.5,2
23.3,47,13,2,2,23.5,2
24.5,42,15,1,0,21.0,2
23.5,46,17,2,2,23.0,2
23.5,45,13,1,2,22.5,2
23.7,44,13,2,2,22.0,2
22.1,54,9,0,0,27.0,1
20.7,56,11,1,2,28.0,2
19.5,62,6,1,1,31.0,1
16.7,75,4,0,1,37.5,1
17.6,68,0,2,2,34.0,1
16.8,71,0,0,2,35.5,1
15.4,80,0,2,0,40.0,1
16.5,83,0,2,1,41.5,1
15.3,89,0,1,2,44.5,1
15.6,86,0,0,0,43.0,1
15.3,87,0,0,1,43.5,1
14.5,93,0,0,0,46.5,1
16.0,81,6,0,0,40.5,1
17.8,76,7,2,0,38.0,1
19.0,75,11,1,1,37.5,2
20.2,67,11,1,0,33.5,2
21.6,63,17,0,1,31.5,2
23.1,63,13,1,1,31.5,2
24.8,49,17,1,2,24.5,2
24.6,49,17,2,1,24.5,2
25.2,43,11,2,1,21.5,2
24.6,41,15,1,1,20.5,2
24.4,41,13,0,0,20.5,2
23.8,43,13,0,1,21.5,2
22.5,45,17,2,2,22.5,2
20.1,49,9,1,2,24.5,1
18.4,56,9,1,1,28.0,1
18.2,58,7,1,2,29.0,1
18.5,58,7,2,1,29.0,1
16.6,69,6,2,2,34.5,1
16.5,67,4,1,1,33.5,1
15.0,76,4,0,0,38.0,1
15.9,73,0,0,0,36.5,1
15.9,74,0,2,0,37.0,1
16.1,72,6,0,2,36.0,1
15.0,73,0,0,2,36.5,1
14.6,78,7,1,0,39.0,1
17.2,74,6,1,2,37.0,1
19.3,62,7,0,0,31.0,1
20.4,48,13,2,1,24.0,2
21.8,50,13,1,0,25.0,2
21.1,48,11,0,1,24.0,2
23.7,43,17,1,1,21.5,2
23.2,44,22,1,1,22.0,0
22.6,48,15,0,2,24.0,2
23.4,47,19,0,2,23.5,2
23.1,49,17,2,2,24.5,2
22.6,48,19,0,0,24.0,2
22.4,48,13,1,0,24.0,2
22.1,52,7,2,1,26.0,1
21.5,50,6,0,2,25.0,1
19.2,67,20,1,1,33.5,2
18.5,72,6,2,1,36.0,1
18.1,75,4,2,2,37.5,1
19.0,76,13,2,2,38.0,2
18.6,78,15,1,1,39.0,2
18.8,73,11,1,0,36.5,2
18.8,65,13,2,2,32.5,2
18.6,66,9,1,0,33.0,1
18.0,70,7,2,0,35.0,1
17.6,72,6,2,1,36.0,1
18.9,65,15,1,1,32.5,2
19.9,59,15,1,2,29.5,2
21.1,59,15,2,1,29.5,2
22.0,61,17,1,0,30.5,2
23.2,56,24,0,1,28.0,2
24.4,49,24,2,1,24.5,0
25.8,44,24,2,1,22.0,0
25.5,42,19,1,2,21.0,2
25.7,39,20,1,1,19.5,2
25.6,39,28,1,2,19.5,0
25.4,40,15,0,1,20.0,2
25.1,40,11,1,2,20.0,2
23.9,49,9,2,0,24.5,1
23.3,58,13,1,0,29.0,2
22.5,59,15,1,2,29.5,2
21.9,61,17,2,2,30.5,2
21.5,57,19,2,2,28.5,2
20.7,57,11,0,1,28.5,2
20.2,63,13,1,0,31.5,2
19.3,67,13,0,1,33.5,2
18.9,68,13,2,2,34.0,2
18.9,71,15,2,2,35.5,2
18.5,77,15,2,1,38.5,2
19.1,78,24,2,1,39.0,2
20.3,76,19,2,2,38.0,2
21.8,69,22,0,0,34.5,2
22.9,69,24,1,2,34.5,2
23.9,58,22,2,0,29.0,2
26.0,54,24,1,2,27.0,2
26.5,51,28,2,1,25.5,2
27.0,50,26,0,2,25.0,2
25.0,55,13,0,2,27.5,2
25.8,55,19,0,2,27.5,2
25.6,54,22,0,1,27.0,2
25.9,53,17,1,1,26.5,2
25.0,57,11,0,0,28.5,2
22.6,65,9,0,2,32.5,1
21.8,70,7,0,0,35.0,1
22.9,68,7,2,2,34.0,1
20.5,77,6,0,1,38.5,1
21.8,73,6,1,2,36.5,1
19.1,83,4,2,1,41.5,1
19.2,80,13,1,2,40.0,2
20.4,60,9,2,1,30.0,1
19.6,63,13,1,0,31.5,2
19.0,66,13,1,2,33.0,2
16.4,84,6,1,0,42.0,1
16.6,79,11,2,0,39.5,2
18.5,68,11,1,2,34.0,2
20.7,61,7,1,0,30.5,1
22.1,57,9,2,2,28.5,1
24.2,51,13,1,1,25.5,2
25.4,47,0,2,0,23.5,1
26.5,46,6,0,1,23.0,1
27.3,45,4,1,0,22.5,1
27.7,42,11,2,1,21.0,2
27.7,39,9,0,1,19.5,1
27.9,41,11,1,1,20.5,2
27.3,43,6,0,1,21.5,1
25.8,49,6,1,1,24.5,1
26.1,45,11,2,1,22.5,2
25.9,45,13,0,0,22.5,2
24.9,48,7,0,2,24.0,1
23.0,58,11,0,1,29.0,2
22.4,58,13,0,1,29.0,2
22.1,60,9,1,0,30.0,1
21.6,62,11,2,1,31.0,2
20.9,63,6,0,2,31.5,1
20.9,65,6,2,1,32.5,1
20.8,66,11,1,0,33.0,2
20.4,69,4,2,0,34.5,1
20.2,72,6,2,0,36.0,1
21.5,70,6,1,2,35.0,1
21.9,71,4,0,2,35.5,1
24.8,61,6,1,2,30.5,1
26.4,55,7,0,1,27.5,1
27.1,54,7,1,1,27.0,1
29.1,49,7,2,0,24.5,1
30.1,45,11,0,0,22.5,2
30.8,40,7,1,2,20.0,1
31.1,38,9,1,2,19.0,1
31.1,42,13,1,1,21.0,2
30.2,45,11,0,1,22.5,2
28.9,47,13,2,1,23.5,2
27.0,52,9,1,2,26.0,1
26.5,55,13,1,0,27.5,2
25.3,60,11,2,2,30.0,2
23.9,67,9,2,0,33.5,1
24.0,69,9,2,0,34.5,1
22.1,78,11,2,2,39.0,2
22.4,78,6,1,0,39.0,1
23.4,67,7,1,1,33.5,1
23.5,66,15,0,1,33.0,2
23.2,68,7,1,1,34.0,1
21.2,76,6,1,0,38.0,1
20.9,79,0,2,0,39.5,1
22.9,70,9,0,0,35.0,1
24.2,65,15,2,2,32.5,2
24.7,64,11,1,0,32.0,2
26.3,59,15,1,2,29.5,2
27.9,53,20,1,0,26.5,2
28.9,49,17,0,1,24.5,2
29.7,46,13,2,1,23.0,2
30.2,41,17,0,2,20.5,2
30.1,42,13,1,0,21.0,2
30.4,42,11,1,1,21.0,2
29.5,46,4,2,1,23.0,1
28.5,44,11,2,1,22.0,2
27.2,47,15,2,2,23.5,2
25.7,54,11,2,2,27.0,2
24.8,58,9,1,1,29.0,1
23.9,65,15,0,1,32.5,2
24.3,66,15,2,0,33.0,2
24.3,63,15,2,2,31.5,2
23.2,68,11,2,2,34.0,2
22.3,68,11,1,2,34.0,2
21.8,69,11,1,1,34.5,2
22.4,66,13,2,1,33.0,2
21.4,70,15,1,2,35.0,2
22.0,71,13,0,1,35.5,2
23.1,68,13,1,1,34.0,2
24.7,61,17,1,0,30.5,2
25.6,61,19,2,1,30.5,2
26.0,61,22,0,0,30.5,2
26.2,61,17,1,2,30.5,2
27.1,59,20,2,2,29.5,2
26.7,60,20,0,0,30.0,2
26.4,61,17,2,1,30.5,2
26.0,62,15,2,2,31.0,2
23.6,81,13,1,1,40.5,2
22.4,89,13,1,2,44.5,2
22.8,86,7,0,1,43.0,1
22.6,87,7,0,1,43.5,1
22.8,85,13,0,1,42.5,2
21.8,93,11,2,0,46.5,2
22.3,88,15,1,0,44.0,2
22.5,81,22,1,2,40.5,2
21.8,85,26,2,1,42.5,2
21.5,87,15,2,0,43.5,2
21.3,88,15,0,0,44.0,2
21.1,89,13,1,1,44.5,2
20.9,91,11,2,1,45.5,2
20.0,94,13,2,1,47.0,2
20.3,94,15,0,1,47.0,2
21.4,89,15,0,2,44.5,2
21.3,86,15,0,0,43.0,2
22.7,69,24,0,2,34.5,2
23.8,60,15,1,2,30.0,2
22.6,63,13,1,2,31.5,2
25.2,50,22,0,0,25.0,2
25.4,44,30,1,2,22.0,0
24.2,41,30,1,0,20.5,0
23.2,40,28,2,2,20.0,0
22.4,42,24,1,0,21.0,0
21.5,41,22,1,2,20.5,0
20.0,44,20,0,2,22.0,2
19.3,46,17,0,2,23.0,2
16.9,52,15,0,2,26.0,2
14.9,60,7,2,1,30.0,1
13.9,65,9,2,2,32.5,1
14.1,70,7,0,2,35.0,1
12.0,78,7,2,0,39.0,1
11.5,79,9,2,2,39.5,1
13.4,73,11,1,0,36.5,2
11.0,80,9,1,0,40.0,1
10.5,82,7,1,0,41.0,1
10.5,84,7,0,2,42.0,1
12.0,81,9,0,1,40.5,1
16.0,59,19,0,2,29.5,2
18.0,50,20,2,0,25.0,2
19.6,47,22,1,0,23.5,0
20.7,44,20,1,0,22.0,2
21.9,42,22,0,0,21.0,0
22.6,40,26,0,1,20.0,0
23.5,37,32,0,1,18.5,0
24.7,35,20,0,2,17.5,2
24.2,36,32,0,1,18.0,0
24.2,36,24,0,0,18.0,0
23.5,36,26,0,1,18.0,0
22.5,36,19,1,2,18.0,2
21.7,38,15,2,2,19.0,2
19.7,44,9,2,1,22.0,1
19.7,45,15,1,1,22.5,2
19.5,50,22,1,0,25.0,2
18.3,58,20,2,0,29.0,2
17.5,64,19,0,0,32.0,2
17.0,70,11,2,2,35.0,2
15.4,81,11,1,2,40.5,2
16.2,75,17,2,1,37.5,2
15.1,81,15,0,0,40.5,2
15.5,78,20,1,1,39.0,2
16.3,75,26,1,1,37.5,2
16.8,72,20,2,2,36.0,2
17.9,71,24,1,0,35.5,2
19.6,67,32,2,1,33.5,2
21.8,58,26,2,2,29.0,2
23.1,57,33,1,0,28.5,2
25.0,55,32,1,0,27.5,2
26.7,54,37,2,0,27.0,2
27.8,50,26,1,2,25.0,2
28.5,50,35,1,0,25.0,2
27.8,49,33,0,1,24.5,0
27.4,51,41,1,2,25.5,2
26.6,53,35,2,0,26.5,2
25.5,57,43,2,2,28.5,2
24.5,56,39,1,2,28.0,2
24.5,58,44,0,2,29.0,2
24.2,58,41,1,0,29.0,2
23.7,60,37,1,2,30.0,2
23.4,57,33,0,2,28.5,2
23.5,56,35,1,2,28.0,2
23.2,56,35,2,1,28.0,2
22.8,52,28,0,1,26.0,2
22.8,54,28,0,0,27.0,2
22.6,61,28,2,0,30.5,2
22.5,67,30,1,0,33.5,2
22.6,68,32,1,2,34.0,2
22.9,65,37,0,0,32.5,2
21.8,75,35,2,1,37.5,2
19.7,89,20,0,2,44.5,2
21.1,86,26,1,2,43.0,2
22.8,77,20,1,0,38.5,2
24.0,70,22,2,2,35.0,2
24.1,70,22,0,2,35.0,2
25.6,65,30,0,1,32.5,2
24.8,68,20,1,1,34.0,2
25.0,67,17,2,2,33.5,2
24.2,71,13,1,0,35.5,2
23.1,77,9,2,1,38.5,1
22.3,82,11,1,2,41.0,2
21.6,85,11,1,0,42.5,2
21.7,74,20,2,1,37.0,2
20.8,61,11,1,0,30.5,2
19.6,66,11,2,2,33.0,2
19.1,66,4,0,0,33.0,1
19.1,66,9,2,0,33.0,1
17.7,73,11,2,0,36.5,2
16.3,80,11,1,1,40.0,2
16.0,82,13,1,2,41.0,2
16.2,79,13,1,2,39.5,2
17.8,63,24,2,2,31.5,2
18.6,55,20,1,1,27.5,2
20.4,47,15,1,2,23.5,2
22.0,42,20,0,1,21.0,2
22.7,34,15,0,2,17.0,2
23.2,35,13,2,1,17.5,2
23.6,34,6,2,1,17.0,1
23.5,34,7,0,2,17.0,1
24.3,34,7,2,0,17.0,1
24.2,33,4,2,1,16.5,1
24.0,33,7,0,1,16.5,1
22.7,40,9,0,2,20.0,1
20.9,44,6,2,2,22.0,1
18.8,56,11,2,1,28.0,2
18.5,49,7,1,2,24.5,1
17.5,58,6,2,2,29.0,1
17.0,60,7,1,0,30.0,1
16.1,63,4,0,1,31.5,1
14.0,73,4,0,1,36.5,1
13.5,77,4,0,2,38.5,1
13.0,79,0,0,1,39.5,1
13.3,79,0,2,2,39.5,1
14.2,77,6,2,2,38.5,1
13.0,86,7,1,0,43.0,1
15.5,78,4,0,0,39.0,1
17.3,70,7,2,0,35.0,1
19.1,61,4,1,1,30.5,1
20.7,55,6,1,1,27.5,1
21.8,48,4,1,0,24.0,1
24.4,37,4,0,2,18.5,1
25.5,31,9,1,1,15.5,1
25.3,32,9,0,0,16.0,1
25.6,29,7,1,1,14.5,1
25.4,29,11,1,2,14.5,2
23.6,34,9,1,0,17.0,1
24.0,33,11,2,1,16.5,2
20.9,45,13,0,2,22.5,2
21.2,44,9,1,1,22.0,1
19.7,51,7,0,1,25.5,1
19.2,55,4,0,2,27.5,1
18.7,56,4,1,2,28.0,1
17.5,62,7,1,1,31.0,1
15.6,66,0,2,0,33.0,1
13.7,73,6,1,0,36.5,1
14.0,79,4,0,2,39.5,1
13.4,85,6,0,2,42.5,1
14.5,76,6,2,2,38.0,1
13.4,84,6,1,1,42.0,1
16.3,77,7,0,2,38.5,1
18.5,70,11,0,2,35.0,2
21.1,55,9,0,0,27.5,1
23.5,47,9,0,2,23.5,1
24.3,43,9,0,1,21.5,1
26.0,39,13,1,0,19.5,2
26.2,36,4,2,2,18.0,1
28.0,33,0,1,0,16.5,1
27.8,34,13,2,2,17.0,2
27.8,36,4,0,0,18.0,1
26.6,42,13,2,1,21.0,2
25.8,44,13,2,0,22.0,2
25.3,45,9,2,1,22.5,1
25.0,46,9,1,2,23.0,1
24.2,49,15,1,1,24.5,2
22.7,61,13,0,2,30.5,2
21.1,72,11,2,0,36.0,2
20.6,74,9,2,1,37.0,1
21.1,73,9,2,2,36.5,1
20.8,73,13,2,2,36.5,2
20.9,70,7,0,1,35.0,1
20.8,69,6,1,2,34.5,1
20.7,68,9,1,0,34.0,1
20.7,71,15,2,0,35.5,2
20.5,76,17,1,2,38.0,2
21.1,75,15,2,0,37.5,2
22.0,73,11,0,1,36.5,2
22.9,70,9,0,2,35.0,1
25.0,63,15,1,2,31.5,2
25.6,63,6,2,1,31.5,1
25.2,64,9,0,1,32.0,1
24.7,66,15,1,0,33.0,2
24.1,68,19,0,2,34.0,2
23.5,70,15,0,0,35.0,2
23.3,72,15,2,2,36.0,2
21.8,85,9,1,0,42.5,1
20.8,93,7,2,0,46.5,1
20.7,95,9,1,0,47.5,1
21.1,92,9,0,2,46.0,1
20.7,94,15,2,2,47.0,2
20.2,94,9,2,2,47.0,1
20.3,93,13,2,2,46.5,2
20.0,92,13,2,2,46.0,2
19.1,95,17,1,2,47.5,2
18.6,95,15,1,2,47.5,2
18.5,94,11,2,2,47.0,2
17.6,97,7,2,1,48.5,1
18.2,95,7,1,0,47.5,1
19.5,93,11,1,1,46.5,2
21.3,85,13,2,2,42.5,2
22.4,79,15,1,1,39.5,2
23.3,76,11,2,1,38.0,2
23.4,71,7,2,0,35.5,1
25.5,68,11,2,2,34.0,2
25.9,63,11,0,1,31.5,2
26.4,60,13,2,0,30.0,2
26.2,59,11,1,0,29.5,2
27.0,57,9,0,2,28.5,1
26.1,58,13,1,1,29.0,2
25.8,59,9,1,0,29.5,1
25.2,62,6,1,0,31.0,1
24.2,71,7,2,0,35.5,1
24.0,70,9,1,2,35.0,1
22.9,75,7,1,1,37.5,1
22.1,78,6,1,2,39.0,1
21.3,82,7,0,1,41.0,1
21.0,85,7,2,2,42.5,1
21.3,84,7,2,0,42.0,1
21.1,85,6,0,1,42.5,1
21.1,87,7,1,2,43.5,1
21.0,84,6,0,0,42.0,1
19.5,90,9,0,2,45.0,1
19.9,87,7,2,1,43.5,1
21.1,83,7,2,1,41.5,1
23.1,74,6,0,1,37.0,1
24.7,65,6,1,2,32.5,1
26.1,61,13,2,0,30.5,2
26.8,56,15,1,1,28.0,2
27.9,53,11,2,2,26.5,2
28.1,54,13,1,0,27.0,2
28.2,55,13,1,1,27.5,2
27.6,56,19,1,2,28.0,2
26.9,57,17,0,0,28.5,2
24.8,60,9,2,2,30.0,1
22.6,68,6,1,0,34.0,1
22.5,70,11,1,2,35.0,2
21.4,67,7,0,1,33.5,1
19.6,75,9,0,1,37.5,1
20.2,70,0,1,0,35.0,1
18.1,81,4,1,0,40.5,1
18.7,77,4,2,0,38.5,1
17.6,88,9,2,0,44.0,1
18.5,78,6,0,0,39.0,1
18.3,77,6,0,0,38.5,1
15.8,91,7,2,1,45.5,1
17.5,83,11,2,0,41.5,2
18.6,77,15,2,1,38.5,2
19.9,68,9,2,0,34.0,1
21.2,65,19,1,1,32.5,2
22.2,67,19,1,0,33.5,2
22.6,64,19,1,0,32.0,2
23.3,56,17,0,2,28.0,2
24.6,47,17,2,1,23.5,2
25.6,44,9,1,1,22.0,1
25.1,40,13,2,0,20.0,2
25.0,38,6,2,0,19.0,1
24.6,40,0,0,1,20.0,1
23.5,48,0,1,2,24.0,1
21.7,54,6,1,0,27.0,1
23.2,49,4,2,2,24.5,1
22.9,55,6,1,0,27.5,1
21.6,65,9,1,1,32.5,1
21.4,68,17,2,2,34.0,2
21.1,73,13,2,0,36.5,2
20.5,78,6,0,0,39.0,1
21.1,73,7,1,1,36.5,1
21.1,74,9,2,1,37.0,1
21.9,68,17,1,1,34.0,2
18.6,89,11,1,1,44.5,2
18.7,88,17,2,1,44.0,2
21.0,82,20,1,0,41.0,2
20.9,82,9,1,1,41.0,1
23.2,77,13,0,0,38.5,2
25.9,68,28,1,1,34.0,2
26.5,63,35,0,1,31.5,2
26.1,61,39,0,1,30.5,2
25.5,61,24,2,1,30.5,2
26.0,63,33,1,2,31.5,2
24.4,77,30,1,1,38.5,2
20.4,87,39,0,0,43.5,2
20.6,76,33,2,2,38.0,2
20.5,75,39,0,2,37.5,2
19.9,72,37,0,1,36.0,2
19.2,68,43,0,1,34.0,2
16.1,80,44,1,2,40.0,2
14.2,80,30,1,2,40.0,2
14.5,75,28,1,2,37.5,2
14.3,72,30,1,1,36.0,2
13.9,75,28,2,1,37.5,2
13.7,76,24,0,0,38.0,2
12.6,81,17,2,2,40.5,2
12.2,84,20,0,0,42.0,2
11.5,88,11,0,0,44.0,2
11.0,91,6,2,2,45.5,1
12.1,86,7,2,0,43.0,1
13.7,78,17,0,0,39.0,2
14.8,67,17,1,1,33.5,2
15.7,64,17,1,2,32.0,2
16.8,60,19,0,1,30.0,2
17.3,58,22,0,0,29.0,2
17.3,57,11,2,1,28.5,2
18.1,53,19,2,1,26.5,2
17.6,57,17,1,1,28.5,2
17.9,54,22,1,0,27.0,2
15.6,62,15,2,0,31.0,2
15.5,63,11,1,1,31.5,2
15.2,65,11,1,1,32.5,2
14.1,69,9,2,0,34.5,1
13.7,73,9,1,0,36.5,1
14.2,71,9,2,0,35.5,1
13.9,76,15,0,0,38.0,2
13.4,81,9,1,1,40.5,1
13.0,84,9,2,2,42.0,1
12.7,83,11,1,2,41.5,2
12.4,82,11,0,2,41.0,2
11.3,84,13,0,2,42.0,2
10.4,88,17,0,0,44.0,2
10.1,87,17,2,1,43.5,2
11.5,77,15,2,0,38.5,2
12.8,68,19,0,2,34.0,2
13.3,67,15,1,2,33.5,2
14.4,59,15,1,0,29.5,2
14.9,56,19,0,2,28.0,2
16.0,52,20,0,2,26.0,2
16.6,50,13,1,2,25.0,2
17.5,47,20,0,0,23.5,2
17.8,46,24,1,1,23.0,0
16.7,46,20,0,2,23.0,2
16.1,47,20,1,2,23.5,2
14.5,52,17,0,2,26.0,2
13.5,56,9,1,1,28.0,1
10.9,70,7,0,1,35.0,1
9.8,77,6,2,2,38.5,1
9.7,77,7,0,2,38.5,1
9.3,82,7,1,1,41.0,1
8.4,86,9,1,0,43.0,1
8.4,87,9,0,2,43.5,1
8.4,90,9,2,1,45.0,1
9.1,88,7,0,0,44.0,1
9.2,85,4,1,2,42.5,1
6.9,91,0,1,1,45.5,1
7.6,91,6,0,0,45.5,1
11.0,84,9,0,0,42.0,1
13.2,75,9,0,0,37.5,1
15.1,65,13,1,0,32.5,2
16.8,60,17,0,2,30.0,2
18.4,52,19,1,1,26.0,2
18.9,53,19,0,2,26.5,2
20.6,50,20,1,1,25.0,2
21.0,46,20,2,2,23.0,2
21.3,44,19,1,0,22.0,2
21.5,44,20,2,2,22.0,2
21.4,46,20,1,2,23.0,2
20.7,51,17,2,1,25.5,2
19.8,57,9,0,1,28.5,1
19.8,59,15,1,2,29.5,2
19.1,67,15,2,0,33.5,2
18.4,66,17,2,0,33.0,2
17.8,68,15,2,1,34.0,2
17.5,64,17,1,2,32.0,2
17.2,62,11,0,0,31.0,2
14.5,72,6,0,0,36.0,1
13.2,80,4,1,2,40.0,1
13.7,78,0,1,0,39.0,1
13.1,85,6,1,1,42.5,1
13.5,86,0,1,1,43.0,1
15.8,77,9,1,0,38.5,1
17.4,66,7,2,1,33.0,1
19.6,61,7,2,2,30.5,1
21.9,58,11,0,0,29.0,2
23.9,51,20,1,0,25.5,2
25.3,48,19,2,0,24.0,2
26.1,47,13,2,2,23.5,2
26.9,44,17,2,2,22.0,2
27.3,42,17,0,0,21.0,2
27.3,39,19,1,1,19.5,2
26.8,39,17,0,2,19.5,2
25.0,47,11,2,0,23.5,2
22.2,64,11,2,2,32.0,2
22.4,59,11,0,2,29.5,2
22.2,57,11,2,1,28.5,2
21.0,66,13,0,0,33.0,2
20.2,70,11,2,2,35.0,2
19.8,67,9,1,2,33.5,1
19.5,68,7,2,2,34.0,1
16.3,80,11,1,0,40.0,2
15.7,85,9,0,0,42.5,1
15.5,84,11,0,1,42.0,2
14.9,82,4,1,0,41.0,1
15.7,81,6,1,0,40.5,1
18.1,76,6,1,0,38.0,1
19.8,64,9,0,0,32.0,1
21.5,61,13,1,0,30.5,2
22.6,59,17,1,2,29.5,2
24.6,54,15,2,1,27.0,2
26.2,50,17,2,0,25.0,2
27.3,45,19,1,2,22.5,2
27.9,42,24,0,0,21.0,0
28.2,42,22,0,0,21.0,0
28.4,41,19,2,2,20.5,2
27.8,40,20,2,0,20.0,2
26.0,50,9,1,0,25.0,1
24.2,59,11,1,2,29.5,2
23.2,63,11,0,1,31.5,2
22.3,68,13,2,1,34.0,2
21.8,66,15,2,1,33.0,2
20.7,71,13,1,0,35.5,2
19.5,78,9,1,1,39.0,1
16.6,90,0,1,1,45.0,1
18.2,81,4,1,1,40.5,1
16.4,87,6,2,0,43.5,1
15.9,87,9,1,1,43.5,1
16.4,86,4,2,2,43.0,1
16.6,87,6,1,0,43.5,1
17.9,84,9,2,2,42.0,1
19.5,76,9,0,2,38.0,1
22.2,66,9,2,1,33.0,1
22.6,64,13,1,0,32.0,2
24.2,61,13,2,1,30.5,2
25.7,57,9,2,1,28.5,1
26.5,55,9,2,1,27.5,1
27.3,51,9,0,0,25.5,1
26.3,54,9,0,2,27.0,1
25.5,62,4,0,2,31.0,1
25.4,60,7,1,1,30.0,1
24.5,65,6,0,1,32.5,1
21.0,88,17,0,0,44.0,2
16.5,96,22,1,2,48.0,2
15.3,94,13,2,1,47.0,2
15.5,92,0,1,1,46.0,1
15.9,97,13,2,0,48.5,2
16.3,91,20,1,1,45.5,2
15.6,91,22,1,2,45.5,2
15.0,91,24,2,2,45.5,2
14.7,89,30,2,0,44.5,2
14.2,88,30,1,0,44.0,2
13.7,94,28,0,1,47.0,2
13.4,86,22,1,1,43.0,2
13.8,80,20,1,2,40.0,2
14.6,76,19,1,1,38.0,2
14.9,71,19,0,0,35.5,2
16.0,66,22,0,2,33.0,2
16.1,58,22,0,2,29.0,2
16.6,54,17,2,1,27.0,2
16.6,56,20,1,0,28.0,2
16.2,56,22,2,0,28.0,2
14.2,83,13,0,0,41.5,2
16.6,62,17,0,1,31.0,2
14.2,69,22,1,1,34.5,2
13.3,73,7,2,2,36.5,1
12.7,69,13,0,2,34.5,2
11.6,70,11,2,2,35.0,2
9.9,77,13,0,0,38.5,2
8.5,83,7,1,2,41.5,1
7.9,85,9,2,1,42.5,1
6.6,90,7,1,1,45.0,1
6.1,94,9,2,0,47.0,1
6.5,94,6,1,1,47.0,1
6.7,93,7,0,2,46.5,1
7.3,93,9,0,0,46.5,1
4.9,98,9,2,1,49.0,1
5.8,94,9,1,1,47.0,1
8.7,86,9,0,0,43.0,1
11.7,61,9,1,1,30.5,1
13.1,50,19,1,0,25.0,2
14.0,52,20,0,0,26.0,2
14.9,48,20,1,1,24.0,2
15.3,44,19,0,1,22.0,2
15.7,42,24,0,1,21.0,0
16.6,42,24,1,1,21.0,0
16.7,42,19,0,1,21.0,2
16.6,40,15,2,2,20.0,2
16.6,42,20,0,2,21.0,2
15.5,44,11,0,0,22.0,2
14.2,50,6,1,0,25.0,1
12.5,59,6,0,1,29.5,1
12.8,61,6,1,2,30.5,1
13.1,60,6,2,1,30.0,1
12.1,64,6,0,0,32.0,1
11.5,82,4,2,0,41.0,1
10.1,89,4,0,0,44.5,1
10.1,86,6,2,0,43.0,1
10.1,89,7,0,0,44.5,1
11.1,83,7,1,2,41.5,1
12.1,75,7,2,1,37.5,1
12.5,79,4,1,1,39.5,1
13.7,77,7,1,0,38.5,1
14.7,77,9,2,2,38.5,1
16.8,79,13,0,0,39.5,2
18.2,75,17,0,2,37.5,2
19.9,73,15,0,2,36.5,2
21.8,62,17,1,0,31.0,2
23.5,56,17,1,0,28.0,2
24.6,47,15,2,1,23.5,2
25.2,40,15,1,1,20.0,2
25.0,46,13,0,2,23.0,2
24.4,46,13,2,2,23.0,2
22.1,63,15,0,0,31.5,2
20.6,71,15,2,2,35.5,2
20.0,75,13,0,1,37.5,2
19.3,78,0,1,0,39.0,1
18.8,79,6,1,1,39.5,1
17.0,88,7,0,1,44.0,1
16.2,88,6,2,0,44.0,1
16.9,75,0,1,2,37.5,1
16.6,75,9,2,1,37.5,1
16.1,82,19,0,1,41.0,2
16.2,81,17,0,2,40.5,2
16.1,81,24,0,1,40.5,2
16.4,80,22,2,1,40.0,2
16.9,78,20,1,0,39.0,2
18.5,72,26,0,0,36.0,2
18.7,73,19,2,2,36.5,2
16.9,94,19,1,1,47.0,2
17.3,94,20,1,1,47.0,2
16.6,98,20,2,2,49.0,2
17.1,96,35,0,2,48.0,2
17.3,96,32,1,2,48.0,2
18.1,93,32,2,0,46.5,2
19.4,88,33,2,2,44.0,2
20.4,86,35,1,1,43.0,2
20.0,93,28,2,1,46.5,2
19.4,95,22,0,2,47.5,2
19.2,92,24,2,1,46.0,2
19.1,91,20,2,0,45.5,2
18.8,93,30,2,0,46.5,2
17.7,90,33,2,1,45.0,2
12.8,90,37,1,0,45.0,2
11.0,88,28,0,0,44.0,2
9.7,87,35,2,0,43.5,2
8.7,84,35,2,2,42.0,2
8.3,79,28,2,2,39.5,2
8.2,79,30,2,0,39.5,2
8.0,77,26,1,1,38.5,2
8.2,75,33,1,0,37.5,2
8.6,73,26,0,0,36.5,2
9.2,70,32,1,1,35.0,2
11.0,60,32,2,0,30.0,2
12.0,58,24,1,2,29.0,2
13.2,54,22,2,2,27.0,2
13.6,48,24,0,0,24.0,0
14.5,46,24,0,1,23.0,0
14.3,40,15,1,1,20.0,2
14.2,44,19,0,2,22.0,2
12.7,49,11,0,2,24.5,2
10.6,56,11,1,2,28.0,2
10.0,60,4,0,1,30.0,1
8.8,68,4,0,2,34.0,1
9.5,62,0,2,1,31.0,1
8.5,67,0,1,1,33.5,1
9.8,63,4,0,1,31.5,1
7.2,83,7,0,0,41.5,1
8.4,74,6,2,0,37.0,1
9.0,71,7,1,2,35.5,1
8.0,80,4,2,0,40.0,1
8.3,84,9,2,1,42.0,1
7.7,92,6,1,1,46.0,1
7.7,92,6,0,2,46.0,1
9.6,83,9,0,1,41.5,1
11.7,76,7,1,0,38.0,1
12.8,71,15,2,0,35.5,2
15.2,60,20,1,0,30.0,2
16.2,54,19,0,1,27.0,2
17.6,51,15,0,2,25.5,2
18.3,47,22,1,1,23.5,0
19.3,44,15,2,2,22.0,2
19.1,47,20,0,0,23.5,2
18.7,49,24,2,0,24.5,0
18.0,52,26,1,0,26.0,2
16.6,56,19,1,1,28.0,2
16.2,58,24,0,0,29.0,2
15.6,60,20,0,2,30.0,2
15.4,61,20,1,1,30.5,2
13.4,72,15,2,2,36.0,2
14.0,71,19,2,0,35.5,2
13.7,76,19,1,1,38.0,2
13.1,81,20,2,1,40.5,2
13.5,82,19,0,1,41.0,2
13.9,83,15,1,2,41.5,2
14.3,83,19,2,0,41.5,2
14.4,81,19,0,1,40.5,2
14.4,82,19,0,0,41.0,2
14.6,81,17,1,2,40.5,2
15.2,80,15,0,2,40.0,2
16.0,79,15,2,2,39.5,2
16.7,78,13,1,2,39.0,2
17.1,76,15,0,1,38.0,2
17.8,75,17,2,1,37.5,2
18.2,75,15,0,1,37.5,2
19.2,71,17,0,1,35.5,2
19.3,71,13,1,1,35.5,2
19.0,73,6,0,0,36.5,1
17.3,89,4,0,0,44.5,1
15.9,96,19,2,2,48.0,2
15.2,99,7,0,0,49.5,1
15.7,97,4,0,0,48.5,1
15.4,99,0,2,0,49.5,1
15.7,98,13,0,1,49.0,2
15.7,99,13,1,0,49.5,2
15.7,98,7,0,2,49.0,1
15.9,97,7,0,1,48.5,1
15.9,93,11,0,2,46.5,2
15.8,91,24,0,2,45.5,2
15.4,92,20,0,0,46.0,2
15.4,87,24,2,1,43.5,2
15.6,83,26,1,2,41.5,2
16.2,80,33,2,0,40.0,2
16.4,81,32,1,2,40.5,2
17.3,76,39,1,0,38.0,2
18.5,74,33,2,1,37.0,2
18.4,76,32,2,1,38.0,2
16.9,92,22,1,2,46.0,2
16.6,94,15,0,1,47.0,2
16.3,96,22,2,0,48.0,2
16.1,93,9,1,2,46.5,1
16.8,90,15,0,2,45.0,2
16.4,91,13,0,1,45.5,2
16.1,97,13,2,2,48.5,2
16.0,96,9,2,2,48.0,1
16.3,86,20,1,1,43.0,2
15.7,86,26,2,1,43.0,2
15.4,84,22,0,1,42.0,2
15.1,82,22,2,1,41.0,2
14.2,78,26,2,0,39.0,2
12.8,81,17,0,1,40.5,2
12.2,77,26,0,1,38.5,2
11.6,79,24,2,2,39.5,2
11.0,78,24,1,0,39.0,2
10.2,82,20,1,0,41.0,2
9.9,84,19,1,0,42.0,2
10.6,83,20,1,1,41.5,2
11.3,78,28,0,1,39.0,2
12.0,70,24,0,0,35.0,2
13.2,60,33,0,1,30.0,2
13.5,53,28,0,1,26.5,2
15.6,48,26,1,1,24.0,0
14.6,50,30,1,1,25.0,2
16.0,45,28,2,1,22.5,0
15.1,49,24,0,2,24.5,0
15.1,53,15,2,1,26.5,2
14.3,48,20,1,2,24.0,2
10.9,64,9,2,1,32.0,1
9.8,74,4,2,2,37.0,1
11.4,63,9,2,2,31.5,1
8.7,79,7,0,0,39.5,1
7.2,85,7,0,0,42.5,1
9.2,76,7,1,1,38.0,1
7.7,84,0,2,2,42.0,1
5.7,91,6,0,1,45.5,1
6.9,88,0,1,0,44.0,1
5.7,93,0,0,2,46.5,1
7.2,86,4,0,2,43.0,1
8.0,99,0,0,0,49.5,1
6.9,99,9,0,1,49.5,1
7.9,97,6,1,0,48.5,1
9.9,85,13,1,1,42.5,2
11.0,81,13,0,1,40.5,2
12.8,70,22,0,2,35.0,2
14.2,56,28,2,0,28.0,2
15.0,54,20,0,1,27.0,2
15.8,43,28,2,2,21.5,0
16.6,42,32,0,0,21.0,0
16.3,43,24,1,0,21.5,0
16.4,45,26,1,2,22.5,0
15.3,51,28,2,1,25.5,2
14.4,56,22,1,2,28.0,2
13.8,58,33,1,0,29.0,2
12.1,68,15,1,2,34.0,2
11.7,69,17,1,2,34.5,2
12.6,62,17,1,0,31.0,2
12.1,64,20,2,2,32.0,2
11.9,67,17,0,0,33.5,2
12.1,68,19,0,1,34.0,2
11.7,65,20,0,0,32.5,2
11.2,68,20,1,2,34.0,2
11.6,65,24,1,2,32.5,2
11.3,70,17,0,0,35.0,2
12.4,65,19,1,0,32.5,2
13.0,66,28,0,0,33.0,2
14.1,63,24,2,1,31.5,2
16.3,60,32,0,1,30.0,2
17.4,58,35,1,2,29.0,2
18.0,56,28,0,2,28.0,2
18.1,58,30,0,0,29.0,2
18.9,56,33,1,0,28.0,2
19.0,57,32,2,2,28.5,2
19.0,57,28,2,2,28.5,2
19.2,53,19,1,1,26.5,2
18.8,59,9,0,1,29.5,1
17.8,64,13,0,1,32.0,2
16.6,67,11,1,0,33.5,2
15.7,72,7,1,1,36.0,1
14.3,78,13,1,2,39.0,2
13.1,79,7,0,0,39.5,1
14.0,73,17,2,0,36.5,2
14.2,75,15,2,1,37.5,2
14.0,75,17,2,1,37.5,2
14.1,73,17,0,2,36.5,2
14.7,67,17,2,0,33.5,2
14.6,69,17,0,1,34.5,2
15.1,68,17,0,1,34.0,2
15.0,68,17,1,1,34.0,2
14.9,74,19,0,0,37.0,2
14.9,77,19,1,2,38.5,2
15.4,80,20,0,0,40.0,2
16.7,77,19,1,2,38.5,2
18.1,74,20,1,1,37.0,2
18.1,76,15,0,1,38.0,2
18.8,77,20,0,2,38.5,2
20.0,72,24,0,1,36.0,2
17.6,88,11,0,2,44.0,2
18.8,80,7,1,2,40.0,1
16.1,80,19,1,0,40.0,2
14.6,75,17,1,2,37.5,2
13.6,76,7,0,2,38.0,1
13.8,67,15,0,1,33.5,2
13.6,64,6,2,1,32.0,1
12.6,71,7,2,2,35.5,1
11.9,68,7,2,0,34.0,1
10.1,76,7,2,2,38.0,1
8.3,87,9,1,2,43.5,1
7.4,90,9,2,1,45.0,1
6.3,91,9,1,2,45.5,1
5.1,93,11,0,2,46.5,2
6.0,91,7,1,2,45.5,1
6.4,86,0,1,1,43.0,1
7.5,86,0,1,1,43.0,1
9.0,79,11,2,1,39.5,2
10.9,67,9,2,2,33.5,1
12.8,57,4,2,1,28.5,1
12.8,53,6,0,0,26.5,1
12.9,54,4,2,2,27.0,1
13.6,54,11,2,0,27.0,2
14.9,49,4,2,1,24.5,1
15.1,50,9,0,0,25.0,1
15.1,46,11,1,2,23.0,2
14.6,48,7,2,1,24.0,1
13.1,53,7,2,0,26.5,1
10.6,65,0,0,2,32.5,1
11.5,64,4,1,1,32.0,1
9.4,77,7,2,0,38.5,1
9.3,73,4,2,2,36.5,1
9.2,73,4,0,2,36.5,1
9.2,70,6,1,0,35.0,1
8.0,80,7,2,1,40.0,1
8.9,78,6,2,1,39.0,1
7.2,85,9,1,2,42.5,1
6.0,95,9,0,0,47.5,1
5.1,97,7,0,0,48.5,1
5.3,92,9,2,2,46.0,1
7.6,82,11,2,2,41.0,2
9.3,79,9,1,0,39.5,1
10.7,69,13,0,0,34.5,2
13.3,61,13,0,1,30.5,2
14.6,53,13,1,1,26.5,2
15.8,56,7,2,0,28.0,1
16.6,53,9,2,2,26.5,1
16.7,59,17,1,0,29.5,2
15.6,67,19,2,0,33.5,2
14.2,76,17,2,2,38.0,2
13.3,81,17,2,0,40.5,2
12.9,83,15,1,2,41.5,2
13.0,82,15,0,2,41.0,2
13.1,82,4,0,0,41.0,1
13.1,80,7,0,0,40.0,1
13.1,80,9,0,0,40.0,1
13.1,77,11,1,0,38.5,2
13.0,78,7,0,2,39.0,1
13.1,78,9,1,1,39.0,1
13.0,78,11,0,2,39.0,2
11.7,89,11,2,2,44.5,2
11.3,89,15,1,0,44.5,2
10.3,91,19,1,1,45.5,2
10.2,91,11,2,1,45.5,2
9.8,92,17,1,1,46.0,2
10.9,88,19,1,2,44.0,2
12.4,83,22,0,0,41.5,2
13.0,82,20,1,2,41.0,2
12.6,83,24,1,1,41.5,2
12.6,84,22,1,1,42.0,2
12.4,84,19,1,0,42.0,2
12.6,83,19,0,2,41.5,2
11.6,91,20,1,2,45.5,2
11.7,88,26,1,0,44.0,2
11.1,95,22,1,2,47.5,2
10.8,94,20,1,1,47.0,2
10.5,98,19,0,0,49.0,2
10.5,96,24,0,2,48.0,2
10.7,94,22,0,2,47.0,2
10.6,95,20,1,2,47.5,2
10.8,93,17,2,0,46.5,2
10.8,91,13,2,2,45.5,2
10.7,93,15,0,0,46.5,2
10.3,97,20,0,0,48.5,2
10.4,95,17,0,1,47.5,2
10.8,92,17,0,1,46.0,2
10.9,92,15,0,2,46.0,2
11.0,91,13,2,0,45.5,2
11.2,92,15,0,0,46.0,2
11.4,90,19,2,2,45.0,2
11.7,89,20,2,2,44.5,2
11.9,89,17,1,1,44.5,2
12.2,88,19,2,2,44.0,2
11.8,95,17,0,2,47.5,2
11.4,97,13,0,1,48.5,2
11.5,97,19,0,2,48.5,2
11.6,95,20,1,1,47.5,2
11.7,97,13,2,2,48.5,2
11.7,97,11,1,1,48.5,2
11.6,99,4,0,2,49.5,1
11.5,99,9,0,2,49.5,1
11.6,100,9,0,0,50.0,1
11.6,99,11,2,0,49.5,2
11.6,97,13,0,1,48.5,2
11.5,98,15,0,2,49.0,2
11.5,97,15,1,1,48.5,2
11.4,98,17,2,0,49.0,2
11.3,99,15,2,1,49.5,2
11.2,99,17,1,2,49.5,2
11.3,99,15,0,0,49.5,2
11.3,99,15,2,0,49.5,2
11.7,95,15,0,2,47.5,2
12.1,94,17,1,1,47.0,2
12.6,95,17,0,2,47.5,2
14.0,89,19,0,1,44.5,2
14.9,83,20,2,2,41.5,2
14.8,83,26,2,2,41.5,2
14.8,80,17,1,2,40.0,2
14.9,80,19,1,2,40.0,2
15.3,78,24,1,1,39.0,2
15.2,79,26,0,1,39.5,2
15.0,80,19,0,0,40.0,2
14.9,80,17,2,1,40.0,2
14.6,82,6,0,1,41.0,1
14.6,83,9,2,0,41.5,1
13.8,87,9,0,0,43.5,1
13.8,89,6,1,1,44.5,1
13.1,97,6,2,1,48.5,1
14.2,92,22,1,1,46.0,2
13.5,95,9,1,0,47.5,1
12.8,99,9,1,1,49.5,1
12.4,99,7,1,1,49.5,1
12.1,98,7,0,0,49.0,1
12.0,99,6,0,0,49.5,1
11.1,99,6,1,2,49.5,1
11.2,100,0,1,0,50.0,1
11.9,99,4,1,2,49.5,1
13.0,96,9,0,1,48.0,1
14.3,92,6,0,0,46.0,1
15.2,88,9,2,0,44.0,1
16.6,84,7,2,1,42.0,1
18.2,75,13,2,1,37.5,2
18.2,71,9,2,0,35.5,1
18.7,67,11,0,2,33.5,2
18.8,63,9,2,2,31.5,1
18.7,68,6,1,1,34.0,1
17.9,77,9,0,0,38.5,1
16.6,81,9,1,2,40.5,1
15.0,90,11,0,0,45.0,2
14.6,90,9,0,0,45.0,1
14.0,92,6,1,1,46.0,1
14.2,92,4,1,0,46.0,1
11.4,97,4,0,1,48.5,1
11.9,99,4,2,2,49.5,1
11.3,98,4,0,1,49.0,1
11.3,99,7,2,1,49.5,1
11.6,99,7,2,0,49.5,1
11.5,98,7,2,2,49.0,1
11.0,100,11,1,1,50.0,2
11.5,100,11,2,0,50.0,2
11.7,100,13,2,1,50.0,2
11.4,100,15,2,1,50.0,2
12.7,99,19,0,1,49.5,2
14.8,92,19,0,2,46.0,2
15.8,87,19,2,0,43.5,2
16.9,79,19,1,2,39.5,2
17.5,77,13,0,0,38.5,2
18.7,72,13,1,2,36.0,2
19.3,71,13,2,1,35.5,2
19.2,73,11,2,0,36.5,2
19.2,71,11,2,2,35.5,2
18.9,73,11,2,2,36.5,2
19.0,72,7,2,1,36.0,1
18.6,76,9,0,1,38.0,1
18.6,77,11,2,2,38.5,2
18.3,80,7,0,0,40.0,1
18.0,82,7,0,2,41.0,1
17.0,89,11,0,2,44.5,2
16.1,91,11,0,2,45.5,2
14.7,96,11,0,0,48.0,2
12.6,95,13,0,2,47.5,2
11.7,99,15,1,2,49.5,2
11.5,97,9,2,2,48.5,1
11.3,97,9,0,0,48.5,1
11.4,98,13,2,1,49.0,2
12.0,99,7,2,1,49.5,1
12.1,99,11,2,2,49.5,2
12.6,99,9,0,1,49.5,1
13.3,97,6,0,2,48.5,1
13.6,96,0,2,1,48.0,1
14.4,92,0,1,0,46.0,1
15.6,92,4,0,1,46.0,1
15.9,93,4,2,1,46.5,1
16.0,97,4,2,0,48.5,1
15.8,97,4,0,1,48.5,1
14.6,99,0,0,2,49.5,1
14.8,99,6,2,0,49.5,1
14.1,100,4,2,0,50.0,1
14.4,96,6,1,0,48.0,1
15.3,91,13,2,0,45.5,2
16.6,83,13,0,0,41.5,2
15.8,82,11,0,0,41.0,2
15.3,84,15,2,2,42.0,2
15.7,82,17,1,1,41.0,2
14.7,87,17,2,2,43.5,2
14.4,89,13,2,0,44.5,2
13.8,92,17,0,1,46.0,2
13.7,95,4,1,0,47.5,1
15.3,92,6,2,0,46.0,1
16.8,85,9,1,1,42.5,1
17.3,79,13,1,2,39.5,2
18.9,75,11,2,0,37.5,2
17.5,81,22,0,1,40.5,2
18.5,82,19,0,1,41.0,2
19.2,76,20,1,1,38.0,2
20.2,75,19,0,0,37.5,2
20.7,72,26,0,0,36.0,2
20.3,73,28,2,0,36.5,2
19.7,73,26,1,0,36.5,2
19.0,77,24,1,0,38.5,2
18.7,75,32,2,0,37.5,2
18.1,77,24,1,2,38.5,2
17.8,77,22,1,0,38.5,2
17.4,71,19,1,0,35.5,2
17.0,67,17,2,1,33.5,2
16.8,70,13,0,0,35.0,2
16.1,71,17,0,1,35.5,2
15.4,68,11,1,0,34.0,2
14.6,74,11,0,2,37.0,2
11.0,92,13,2,0,46.0,2
9.4,96,15,0,0,48.0,2
9.1,97,6,2,0,48.5,1
8.6,99,11,1,2,49.5,2
8.8,97,7,2,2,48.5,1
9.5,94,7,2,2,47.0,1
9.7,93,13,2,1,46.5,2
9.6,92,13,1,0,46.0,2
10.9,90,17,0,2,45.0,2
11.8,83,20,0,1,41.5,2
13.8,72,17,2,2,36.0,2
14.4,69,28,2,1,34.5,2
14.6,63,28,0,2,31.5,2
12.0,76,9,1,1,38.0,1
9.7,84,19,2,2,42.0,2
10.2,75,26,0,2,37.5,2
9.8,75,17,2,0,37.5,2
9.7,74,19,2,1,37.0,2
9.2,72,26,2,0,36.0,2
8.7,72,22,1,1,36.0,2
8.8,73,28,1,2,36.5,2
8.4,76,17,0,0,38.0,2
7.0,82,15,1,2,41.0,2
6.5,83,11,1,2,41.5,2
5.3,89,13,2,1,44.5,2
5.7,88,7,0,2,44.0,1
5.9,86,11,2,0,43.0,2
6.0,85,13,2,0,42.5,2
5.9,83,9,2,1,41.5,1
6.9,74,9,0,2,37.0,1
8.5,69,22,2,0,34.5,2
9.0,59,15,1,2,29.5,2
9.2,55,22,1,0,27.5,2
9.3,50,20,0,1,25.0,2
10.2,47,17,1,2,23.5,2
10.5,49,11,2,2,24.5,2
9.2,52,11,2,1,26.0,2
8.6,50,13,0,0,25.0,2
7.3,59,9,1,1,29.5,1
7.3,64,6,2,0,32.0,1
7.4,61,6,1,1,30.5,1
7.3,62,7,1,2,31.0,1
7.5,61,0,2,0,30.5,1
6.5,70,15,2,0,35.0,2
6.4,78,9,0,0,39.0,1
6.2,79,7,2,1,39.5,1
5.4,84,6,0,0,42.0,1
5.1,86,0,1,2,43.0,1
3.6,92,6,1,2,46.0,1
2.8,99,0,0,2,49.5,1
2.4,96,9,0,2,48.0,1
2.5,92,6,1,1,46.0,1
5.4,74,7,2,1,37.0,1
6.6,65,4,2,2,32.5,1
8.6,48,7,1,2,24.0,1
10.0,46,9,0,0,23.0,1
10.7,41,13,0,1,20.5,2
11.1,42,13,1,0,21.0,2
11.6,40,19,2,2,20.0,2
11.9,45,9,0,0,22.5,1
12.0,43,13,2,1,21.5,2
11.5,42,9,0,1,21.0,1
10.6,45,7,1,2,22.5,1
9.7,57,15,0,1,28.5,2
8.1,66,7,1,1,33.0,1
7.3,73,9,0,1,36.5,1
8.0,66,4,1,2,33.0,1
7.4,68,7,1,2,34.0,1
5.8,80,6,0,0,40.0,1
5.8,84,4,2,0,42.0,1
5.9,84,6,1,2,42.0,1
5.9,83,4,2,0,41.5,1
4.3,89,7,1,1,44.5,1
5.1,88,4,0,1,44.0,1
5.4,89,7,0,1,44.5,1
6.7,91,9,1,2,45.5,1
8.4,85,15,0,1,42.5,2
10.3,77,15,0,0,38.5,2
12.5,65,17,1,1,32.5,2
13.5,55,6,1,1,27.5,1
14.4,51,7,2,1,25.5,1
15.0,49,7,2,0,24.5,1
14.9,45,11,1,0,22.5,2
15.0,50,13,2,2,25.0,2
14.5,49,13,0,2,24.5,2
13.6,55,22,0,2,27.5,2
13.2,57,20,0,1,28.5,2
12.8,57,19,1,2,28.5,2
11.9,61,19,0,0,30.5,2
11.4,62,19,0,0,31.0,2
10.6,81,17,2,1,40.5,2
10.4,82,19,1,0,41.0,2
10.0,84,15,1,2,42.0,2
10.3,84,11,0,1,42.0,2
11.0,81,15,1,2,40.5,2
11.3,80,13,2,2,40.0,2
11.3,81,30,2,0,40.5,2
11.2,82,20,1,0,41.0,2
11.5,81,37,0,0,40.5,2
11.6,83,39,1,1,41.5,2
12.0,81,32,2,0,40.5,2
12.5,79,32,0,1,39.5,2
13.5,74,33,1,1,37.0,2
12.2,90,13,2,0,45.0,2
13.3,80,20,1,2,40.0,2
12.5,89,19,1,2,44.5,2
12.8,94,19,0,2,47.0,2
13.2,88,15,2,0,44.0,2
13.7,80,26,1,2,40.0,2
11.5,77,33,1,0,38.5,2
8.9,88,19,0,2,44.0,2
7.8,89,17,1,2,44.5,2
7.4,90,15,2,2,45.0,2
7.9,87,19,1,0,43.5,2
7.7,87,11,0,1,43.5,2
6.7,88,9,0,0,44.0,1
7.2,82,17,0,1,41.0,2
6.7,82,20,1,0,41.0,2
6.6,82,32,0,0,41.0,2
6.6,83,24,2,0,41.5,2
6.0,82,26,2,1,41.0,2
5.5,81,28,1,1,40.5,2
5.0,83,22,1,1,41.5,2
4.9,83,26,2,0,41.5,2
6.0,77,20,2,0,38.5,2
6.8,67,24,2,2,33.5,2
7.7,59,32,2,0,29.5,2
8.7,59,24,2,0,29.5,2
8.0,55,30,2,2,27.5,2
9.2,46,30,2,2,23.0,0
9.7,45,26,0,2,22.5,0
9.8,41,30,2,2,20.5,0
9.8,41,28,2,1,20.5,0
9.1,45,19,2,0,22.5,2
9.1,56,30,1,0,28.0,2
8.4,65,37,1,0,32.5,2
7.0,79,32,0,2,39.5,2
6.6,85,22,1,1,42.5,2
6.9,81,22,0,1,40.5,2
8.2,76,19,1,2,38.0,2
7.7,85,22,1,2,42.5,2
8.1,83,24,1,2,41.5,2
7.9,79,30,1,1,39.5,2
7.2,65,33,0,0,32.5,2
5.5,71,26,2,0,35.5,2
4.4,73,24,0,0,36.5,2
3.6,75,24,2,0,37.5,2
3.7,75,17,1,0,37.5,2
4.8,68,17,1,2,34.0,2
5.4,60,19,2,2,30.0,2
5.4,57,20,2,2,28.5,2
6.2,50,22,2,2,25.0,2
5.6,46,30,1,2,23.0,0
6.2,43,26,0,1,21.5,0
6.2,44,22,2,1,22.0,0
6.4,43,20,0,1,21.5,2
5.2,47,19,1,0,23.5,2
4.7,49,22,2,0,24.5,0
4.0,54,15,0,1,27.0,2
2.5,63,13,1,2,31.5,2
1.2,70,9,1,0,35.0,1
0.7,71,7,0,2,35.5,1
0.0,71,9,0,0,35.5,1
-0.2,71,9,1,0,35.5,1
1.9,66,9,2,2,33.0,1
-0.9,81,7,1,1,40.5,1
0.1,76,4,0,2,38.0,1
-1.6,86,4,1,2,43.0,1
-1.9,87,4,2,1,43.5,1
-1.9,86,0,1,1,43.0,1
-1.0,84,0,2,2,42.0,1
1.0,79,6,0,2,39.5,1
3.4,71,11,2,2,35.5,2
4.5,79,17,2,2,39.5,2
6.1,60,19,1,1,30.0,2
7.7,44,28,2,1,22.0,0
9.7,44,22,2,2,22.0,0
8.6,45,20,1,2,22.5,2
9.8,40,19,2,0,20.0,2
9.4,44,19,1,1,22.0,2
9.5,42,17,0,1,21.0,2
9.1,43,13,2,0,21.5,2
8.8,45,7,2,2,22.5,1
8.2,52,15,1,1,26.0,2
7.9,52,15,1,1,26.0,2
8.3,49,9,2,1,24.5,1
8.2,53,24,1,0,26.5,2
5.6,83,19,1,0,41.5,2
5.4,85,7,2,1,42.5,1
4.6,92,20,1,1,46.0,2
4.4,92,17,1,0,46.0,2
4.6,95,17,1,1,47.5,2
4.9,96,17,0,0,48.0,2
5.4,94,9,1,0,47.0,1
5.5,93,11,2,1,46.5,2
5.9,93,6,1,1,46.5,1
6.2,95,7,1,2,47.5,1
6.8,91,7,0,1,45.5,1
7.3,90,6,1,2,45.0,1
6.7,98,11,0,1,49.0,2
6.7,97,13,1,2,48.5,2
6.6,98,13,1,0,49.0,2
6.6,98,19,0,2,49.0,2
7.0,97,15,2,0,48.5,2
7.5,97,15,2,2,48.5,2
7.7,97,19,2,0,48.5,2
9.9,97,11,1,1,48.5,2
9.6,97,15,0,2,48.5,2
10.0,95,15,1,2,47.5,2
9.8,97,11,0,1,48.5,2
9.4,98,7,1,0,49.0,1
8.9,98,15,2,0,49.0,2
8.8,97,13,1,1,48.5,2
8.5,98,9,1,2,49.0,1
8.7,98,11,0,2,49.0,2
8.8,97,9,0,2,48.5,1
11.9,92,4,0,2,46.0,1
13.5,88,11,1,1,44.0,2
13.6,87,19,0,1,43.5,2
13.8,84,19,0,2,42.0,2
14.4,82,20,0,0,41.0,2
16.4,76,24,1,0,38.0,2
16.6,78,20,0,1,39.0,2
16.6,76,17,1,2,38.0,2
16.4,69,22,0,1,34.5,2
16.3,69,28,1,0,34.5,2
17.8,57,30,2,1,28.5,2
16.2,62,28,1,0,31.0,2
15.5,65,30,1,1,32.5,2
14.7,65,33,2,2,32.5,2
13.7,72,32,0,1,36.0,2
12.9,74,30,1,0,37.0,2
12.6,73,30,1,2,36.5,2
12.1,70,26,0,2,35.0,2
12.1,62,32,0,2,31.0,2
11.6,57,28,0,0,28.5,2
9.8,66,28,0,0,33.0,2
9.2,69,24,0,0,34.5,2
7.6,67,30,2,0,33.5,2
6.7,75,19,1,1,37.5,2
6.6,78,22,2,0,39.0,2
5.9,81,19,0,0,40.5,2
5.2,74,28,1,2,37.0,2
4.8,75,15,2,1,37.5,2
5.6,71,22,1,2,35.5,2
6.0,72,19,2,1,36.0,2
7.6,66,26,0,0,33.0,2
7.7,64,22,2,0,32.0,2
7.8,65,28,0,2,32.5,2
8.2,61,24,2,1,30.5,2
8.6,58,30,2,0,29.0,2
8.4,58,32,0,0,29.0,2
8.4,55,28,2,0,27.5,2
7.3,58,20,1,1,29.0,2
6.5,62,15,0,0,31.0,2
4.9,70,9,1,0,35.0,1
3.7,75,7,1,1,37.5,1
3.0,78,11,1,1,39.0,2
4.1,72,7,1,1,36.0,1
1.6,86,7,1,0,43.0,1
3.8,79,11,2,2,39.5,2
2.8,85,9,2,1,42.5,1
1.1,85,7,2,0,42.5,1
1.8,82,6,0,1,41.0,1
2.2,84,7,0,2,42.0,1
2.6,84,0,2,2,42.0,1
2.7,85,0,2,1,42.5,1
3.3,83,0,0,2,41.5,1
6.3,74,0,0,1,37.0,1
7.1,81,6,1,0,40.5,1
9.1,58,6,2,2,29.0,1
10.1,58,6,2,2,29.0,1
10.8,55,7,0,1,27.5,1
11.4,52,6,0,1,26.0,1
12.0,52,0,2,0,26.0,1
12.5,52,4,1,1,26.0,1
12.5,54,4,0,0,27.0,1
11.7,59,11,1,0,29.5,2
11.0,65,7,2,0,32.5,1
11.7,58,7,1,1,29.0,1
11.7,56,9,2,1,28.0,1
11.6,58,11,1,2,29.0,2
11.7,60,7,0,1,30.0,1
11.1,66,11,0,2,33.0,2
11.1,65,6,2,0,32.5,1
10.9,68,4,0,0,34.0,1
10.9,66,4,1,1,33.0,1
8.9,78,9,1,0,39.0,1
9.1,79,11,1,1,39.5,2
9.4,78,11,2,1,39.0,2
9.0,80,11,1,2,40.0,2
10.7,68,9,1,0,34.0,1
12.2,64,6,0,2,32.0,1
14.4,59,15,2,0,29.5,2
16.1,54,15,1,2,27.0,2
17.9,47,15,1,0,23.5,2
18.3,45,17,0,0,22.5,2
18.3,45,22,2,1,22.5,0
19.3,41,28,2,0,20.5,0
18.6,37,26,0,2,18.5,0
18.3,38,28,0,2,19.0,0
16.6,45,15,0,0,22.5,2
16.0,48,17,0,0,24.0,2
15.6,50,15,2,1,25.0,2
14.9,54,17,2,2,27.0,2
13.8,59,17,1,1,29.5,2
14.4,57,19,1,2,28.5,2
12.7,62,15,1,0,31.0,2
12.3,66,17,2,2,33.0,2
11.7,67,17,1,2,33.5,2
11.7,68,15,1,0,34.0,2
12.0,67,19,0,2,33.5,2
11.9,70,13,2,0,35.0,2
11.7,82,17,0,2,41.0,2
11.2,91,15,1,0,45.5,2
11.3,91,17,2,2,45.5,2
11.7,91,13,0,2,45.5,2
12.8,86,24,1,1,43.0,2
13.1,87,24,1,1,43.5,2
12.8,92,9,2,1,46.0,1
13.0,91,11,0,2,45.5,2
13.1,92,17,1,2,46.0,2
13.0,94,15,1,2,47.0,2
13.3,92,13,2,2,46.0,2
12.9,96,7,2,1,48.0,1
13.1,94,17,2,0,47.0,2
13.1,94,22,1,2,47.0,2
13.5,93,7,1,1,46.5,1
13.8,94,19,0,1,47.0,2
13.8,92,17,0,2,46.0,2
13.4,93,7,1,2,46.5,1
13.5,92,11,1,0,46.0,2
13.2,94,13,1,1,47.0,2
12.9,96,15,2,2,48.0,2
12.8,96,19,2,0,48.0,2
12.8,96,13,0,2,48.0,2
12.4,97,7,0,0,48.5,1
12.5,97,4,0,1,48.5,1
10.6,100,4,2,2,50.0,1
11.8,99,4,2,2,49.5,1
12.7,99,4,0,0,49.5,1
13.8,96,4,2,2,48.0,1
16.0,83,15,0,0,41.5,2
16.4,76,19,1,1,38.0,2
18.1,67,20,1,1,33.5,2
17.6,64,11,2,2,32.0,2
17.2,64,22,1,2,32.0,2
16.4,61,22,0,0,30.5,2
14.0,73,15,0,1,36.5,2
13.4,76,11,2,2,38.0,2
12.3,71,19,0,1,35.5,2
11.6,68,20,1,0,34.0,2
10.7,70,17,0,2,35.0,2
11.0,72,13,1,2,36.0,2
10.5,75,11,2,0,37.5,2
10.2,77,19,2,2,38.5,2
9.2,82,13,0,2,41.0,2
9.9,81,19,1,2,40.5,2
10.3,81,19,2,2,40.5,2
10.6,79,26,0,2,39.5,2
10.2,81,22,0,2,40.5,2
10.5,81,24,1,2,40.5,2
10.1,84,30,1,1,42.0,2
9.8,83,28,2,2,41.5,2
10.2,77,35,1,2,38.5,2
10.4,74,26,1,0,37.0,2
10.9,71,32,1,1,35.5,2
11.2,70,33,1,2,35.0,2
12.6,66,32,2,0,33.0,2
12.6,62,32,2,1,31.0,2
12.7,63,28,2,2,31.5,2
12.2,64,32,0,2,32.0,2
12.0,64,30,0,2,32.0,2
11.8,66,28,0,1,33.0,2
11.5,68,22,1,0,34.0,2
11.3,68,22,1,1,34.0,2
11.4,67,20,2,0,33.5,2
10.7,72,22,2,1,36.0,2
10.1,72,15,1,0,36.0,2
9.3,74,17,0,1,37.0,2
8.7,73,32,0,0,36.5,2
8.0,75,26,0,0,37.5,2
7.6,77,24,0,2,38.5,2
7.1,80,17,2,1,40.0,2
7.4,79,19,0,0,39.5,2
7.4,80,24,0,0,40.0,2
7.2,81,15,1,1,40.5,2
7.8,79,15,1,0,39.5,2
10.0,72,22,2,1,36.0,2
9.8,74,24,0,2,37.0,2
11.2,68,26,2,1,34.0,2
12.7,65,30,0,0,32.5,2
13.0,61,24,1,2,30.5,2
14.2,59,24,0,2,29.5,2
14.5,52,22,1,0,26.0,2
14.6,52,28,2,1,26.0,2
14.3,53,15,0,0,26.5,2
13.2,56,20,2,1,28.0,2
11.9,64,19,2,0,32.0,2
11.1,69,13,2,1,34.5,2
10.3,74,13,1,2,37.0,2
8.4,80,9,0,0,40.0,1
8.1,83,7,2,1,41.5,1
6.4,87,0,1,1,43.5,1
6.2,86,6,2,0,43.0,1
5.8,87,4,2,2,43.5,1
4.9,89,9,1,0,44.5,1
5.1,89,7,2,1,44.5,1
5.1,89,4,2,2,44.5,1
5.4,88,6,1,1,44.0,1
5.1,89,6,2,2,44.5,1
4.2,91,0,0,2,45.5,1
6.9,85,11,2,2,42.5,2
9.4,74,9,0,1,37.0,1
9.6,72,4,1,0,36.0,1
10.9,65,0,2,0,32.5,1
11.1,61,0,0,1,30.5,1
12.2,56,4,0,1,28.0,1
13.1,53,6,0,1,26.5,1
12.3,58,11,2,1,29.0,2
11.9,58,11,0,0,29.0,2
10.9,61,9,2,1,30.5,1
7.9,74,0,1,0,37.0,1
8.6,69,0,1,2,34.5,1
7.0,75,0,2,2,37.5,1
6.9,74,0,2,1,37.0,1
6.8,82,7,1,1,41.0,1
7.7,59,13,1,2,29.5,2
7.3,54,13,0,2,27.0,2
5.1,65,13,1,1,32.5,2
4.0,69,7,0,1,34.5,1
4.9,66,7,1,0,33.0,1
2.0,78,9,1,0,39.0,1
2.6,74,9,2,1,37.0,1
1.9,79,7,1,1,39.5,1
2.6,78,11,1,2,39.0,2
5.8,63,11,1,0,31.5,2
7.0,59,15,2,1,29.5,2
7.2,52,17,0,2,26.0,2
8.1,53,11,1,0,26.5,2
9.1,52,11,1,2,26.0,2
10.6,46,6,1,1,23.0,1
11.7,39,6,2,0,19.5,1
12.2,37,11,0,2,18.5,2
11.3,39,11,2,1,19.5,2
10.9,40,17,2,1,20.0,2
10.6,47,13,0,1,23.5,2
10.3,49,7,2,0,24.5,1
10.1,45,11,1,0,22.5,2
10.0,42,6,1,0,21.0,1
9.4,44,9,0,0,22.0,1
9.6,43,15,2,2,21.5,2
9.5,43,17,0,1,21.5,2
9.2,46,15,1,1,23.0,2
8.4,52,15,2,0,26.0,2
7.3,58,13,2,0,29.0,2
6.9,59,15,0,0,29.5,2
5.7,68,17,1,1,34.0,2
4.1,78,17,0,1,39.0,2
4.6,80,19,1,0,40.0,2
5.2,77,22,1,0,38.5,2
6.4,62,17,0,2,31.0,2
8.0,58,9,2,1,29.0,1
9.1,56,11,2,0,28.0,2
11.3,50,13,0,2,25.0,2
12.8,51,11,1,2,25.5,2
12.8,51,17,0,2,25.5,2
13.5,51,19,2,0,25.5,2
13.3,54,15,0,0,27.0,2
12.6,56,19,1,1,28.0,2
11.8,63,15,1,2,31.5,2
11.4,67,15,2,2,33.5,2
11.0,71,15,0,2,35.5,2
10.0,75,13,0,1,37.5,2
9.8,79,13,1,1,39.5,2
9.3,83,9,1,2,41.5,1
8.9,84,9,2,0,42.0,1
8.5,87,7,2,0,43.5,1
8.3,88,11,2,2,44.0,2
7.7,91,7,1,2,45.5,1
7.2,87,7,0,2,43.5,1
7.0,87,9,1,2,43.5,1
6.9,86,11,1,1,43.0,2
6.7,86,11,2,1,43.0,2
9.1,82,6,2,2,41.0,1
11.7,77,7,2,0,38.5,1
15.1,71,6,1,2,35.5,1
18.1,71,4,0,2,35.5,1
19.8,64,9,0,2,32.0,1
20.9,62,11,0,0,31.0,2
21.1,60,9,0,0,30.0,1
20.4,63,13,1,0,31.5,2
18.2,68,19,2,1,34.0,2
15.7,77,9,2,2,38.5,1
14.7,80,11,0,1,40.0,2
13.5,85,7,1,2,42.5,1
14.2,82,15,0,0,41.0,2
13.1,86,9,0,2,43.0,1
13.0,87,4,1,2,43.5,1
12.7,89,9,0,0,44.5,1
11.9,92,4,2,0,46.0,1
12.1,92,4,1,1,46.0,1
11.8,94,6,0,2,47.0,1
12.2,92,4,2,1,46.0,1
12.1,92,0,1,0,46.0,1
11.7,94,9,0,1,47.0,1
11.9,92,9,0,2,46.0,1
12.3,91,6,2,1,45.5,1
12.7,88,11,1,2,44.0,2
12.5,90,17,0,2,45.0,2
12.4,91,15,2,2,45.5,2
13.4,86,11,2,0,43.0,2
14.1,82,17,0,1,41.0,2
14.2,79,15,0,0,39.5,2
14.4,74,15,1,2,37.0,2
14.6,71,17,2,2,35.5,2
14.6,70,15,2,1,35.0,2
13.9,74,9,1,0,37.0,1
13.5,76,9,0,1,38.0,1
13.7,72,11,1,1,36.0,2
13.5,67,11,1,0,33.5,2
13.3,67,11,1,1,33.5,2
12.8,72,13,1,1,36.0,2
12.0,79,11,1,2,39.5,2
11.0,84,15,2,0,42.0,2
10.4,82,15,0,1,41.0,2
9.9,81,11,2,1,40.5,2
9.8,80,9,1,1,40.0,1
9.5,82,13,2,2,41.0,2
9.6,82,7,0,0,41.0,1
9.7,82,7,0,2,41.0,1
9.5,84,7,1,0,42.0,1
9.9,84,7,0,0,42.0,1
10.8,82,11,0,0,41.0,2
11.4,81,9,1,1,40.5,1
12.0,77,11,2,1,38.5,2
12.9,74,20,2,2,37.0,2
12.9,71,15,1,2,35.5,2
13.0,66,20,2,2,33.0,2
13.1,62,20,1,2,31.0,2
12.9,62,22,1,0,31.0,2
12.7,65,26,1,2,32.5,2
12.9,67,24,2,1,33.5,2
12.7,70,28,2,1,35.0,2
12.3,72,24,0,2,36.0,2
11.6,75,24,1,0,37.5,2
11.0,78,32,1,0,39.0,2
10.3,81,26,1,0,40.5,2
9.9,82,22,2,2,41.0,2
9.5,84,26,0,1,42.0,2
9.2,84,26,2,2,42.0,2
9.6,84,24,1,0,42.0,2
9.9,83,30,1,1,41.5,2
9.6,86,20,2,0,43.0,2
10.2,83,33,0,2,41.5,2
10.1,84,26,2,0,42.0,2
10.7,82,24,1,2,41.0,2
11.9,80,26,1,2,40.0,2
12.9,76,28,1,0,38.0,2
14.3,72,32,2,1,36.0,2
15.4,69,26,2,2,34.5,2
16.5,64,33,0,2,32.0,2
16.6,65,44,2,0,32.5,2
16.6,63,33,1,2,31.5,2
15.2,70,48,2,0,35.0,2
14.2,73,48,0,0,36.5,2
14.2,72,44,0,0,36.0,2
14.0,75,50,0,0,37.5,2
14.3,74,52,0,1,37.0,2
14.0,75,48,0,1,37.5,2
14.2,75,50,1,2,37.5,2
14.1,76,54,1,0,38.0,2
14.6,75,41,1,1,37.5,2
14.6,76,52,0,2,38.0,2
14.1,78,37,2,1,39.0,2
13.9,80,41,2,1,40.0,2
13.8,80,35,2,1,40.0,2
13.7,81,37,2,0,40.5,2
13.6,82,37,2,0,41.0,2
15.0,77,30,2,1,38.5,2
15.7,79,26,1,1,39.5,2
15.4,84,22,1,1,42.0,2
16.1,83,28,0,2,41.5,2
15.1,92,22,1,1,46.0,2
16.1,90,17,1,1,45.0,2
19.8,72,28,1,2,36.0,2
20.4,63,28,2,2,31.5,2
20.9,56,33,1,1,28.0,2
20.6,50,20,2,0,25.0,2
19.7,51,17,2,0,25.5,2
19.2,57,17,1,2,28.5,2
18.8,61,28,2,1,30.5,2
18.6,68,26,0,0,34.0,2
16.8,81,26,2,0,40.5,2
15.0,93,17,1,2,46.5,2
15.6,90,11,0,2,45.0,2
15.0,93,9,2,1,46.5,1
14.9,92,9,1,2,46.0,1
13.7,94,11,1,1,47.0,2
13.7,92,11,0,2,46.0,2
13.8,87,13,1,2,43.5,2
13.6,85,17,1,0,42.5,2
14.0,77,11,0,0,38.5,2
11.6,92,11,2,2,46.0,2
14.0,88,17,0,0,44.0,2
14.6,88,15,0,2,44.0,2
14.6,90,19,0,0,45.0,2
14.8,93,11,2,2,46.5,2
10.8,91,24,2,0,45.5,2
10.2,89,20,2,0,44.5,2
10.3,90,11,2,1,45.0,2
10.2,90,4,2,1,45.0,1
10.2,90,4,0,2,45.0,1
9.7,90,15,2,0,45.0,2
8.8,91,13,0,0,45.5,2
8.5,88,7,0,1,44.0,1
8.4,87,7,2,0,43.5,1
8.1,90,0,1,0,45.0,1
7.8,93,0,1,2,46.5,1
8.1,89,4,2,0,44.5,1
7.8,93,7,2,0,46.5,1
7.6,95,6,2,2,47.5,1
7.6,91,4,2,2,45.5,1
7.3,88,6,0,2,44.0,1
7.7,81,0,1,1,40.5,1
7.7,83,4,0,2,41.5,1
7.4,87,4,1,0,43.5,1
7.3,84,7,0,0,42.0,1
7.2,83,9,0,1,41.5,1
7.6,87,9,2,1,43.5,1
7.7,84,9,0,0,42.0,1
8.1,79,11,0,0,39.5,2
8.4,79,13,2,2,39.5,2
8.4,79,15,1,1,39.5,2
8.4,81,17,1,2,40.5,2
7.7,89,11,0,2,44.5,2
8.0,88,17,1,1,44.0,2
8.1,86,17,0,1,43.0,2
7.5,81,28,0,2,40.5,2
6.9,86,22,1,1,43.0,2
6.7,88,24,1,1,44.0,2
6.4,88,22,1,2,44.0,2
5.6,87,20,1,0,43.5,2
5.5,83,19,1,1,41.5,2
5.3,84,19,1,1,42.0,2
5.1,84,20,1,0,42.0,2
5.0,84,22,1,1,42.0,2
4.8,87,24,2,0,43.5,2
4.7,86,20,1,2,43.0,2
4.8,87,19,2,2,43.5,2
4.4,88,20,0,1,44.0,2
4.1,89,19,0,1,44.5,2
3.9,91,17,2,0,45.5,2
3.7,89,22,2,2,44.5,2
3.9,90,20,1,0,45.0,2
4.2,91,22,1,1,45.5,2
4.3,91,15,0,1,45.5,2
4.3,92,20,1,2,46.0,2
4.6,91,20,2,0,45.5,2
4.8,91,19,1,0,45.5,2
4.9,91,22,0,1,45.5,2
5.3,89,19,1,2,44.5,2
5.7,89,15,1,0,44.5,2
5.9,89,19,2,1,44.5,2
5.8,86,17,2,1,43.0,2
5.7,83,17,0,2,41.5,2
5.6,84,13,0,2,42.0,2
5.6,82,13,0,2,41.0,2
5.3,81,17,0,0,40.5,2
4.9,83,13,0,0,41.5,2
4.7,82,17,0,2,41.0,2
4.5,79,17,2,2,39.5,2
4.1,80,20,0,0,40.0,2
4.0,79,19,0,2,39.5,2
3.7,78,17,1,2,39.0,2
3.5,80,20,2,0,40.0,2
4.2,81,20,1,0,40.5,2
4.8,76,22,1,0,38.0,2
5.1,78,22,2,0,39.0,2
5.3,80,24,0,1,40.0,2
5.4,79,22,1,1,39.5,2
5.1,84,22,0,0,42.0,2
5.5,82,20,2,1,41.0,2
5.4,83,24,1,1,41.5,2
5.0,85,20,1,0,42.5,2
5.0,83,20,2,1,41.5,2
4.7,85,13,2,2,42.5,2
4.8,84,15,1,1,42.0,2
5.0,79,17,1,2,39.5,2
5.0,75,15,1,0,37.5,2
4.7,74,17,2,1,37.0,2
4.3,73,17,0,1,36.5,2
3.8,75,15,0,0,37.5,2
3.2,76,11,0,0,38.0,2
3.0,73,15,0,0,36.5,2
3.1,73,17,2,2,36.5,2
2.9,76,19,2,2,38.0,2
3.0,75,15,0,0,37.5,2
3.0,72,17,1,0,36.0,2
2.8,71,15,1,0,35.5,2
2.2,78,17,2,2,39.0,2
2.9,74,17,0,0,37.0,2
3.0,69,19,2,0,34.5,2
3.3,67,13,0,0,33.5,2
3.7,64,13,0,2,32.0,2
3.4,65,11,1,1,32.5,2
3.4,61,15,1,1,30.5,2
3.6,58,17,1,1,29.0,2
3.5,56,13,2,1,28.0,2
3.2,59,13,1,1,29.5,2
3.0,58,11,1,1,29.0,2
2.5,61,9,2,0,30.5,1
2.2,58,13,2,1,29.0,2
2.0,59,13,2,1,29.5,2
1.8,60,9,1,1,30.0,1
1.7,61,11,0,2,30.5,2
1.5,62,9,1,1,31.0,1
1.2,64,11,0,2,32.0,2
1.3,58,17,2,1,29.0,2
0.8,53,17,1,1,26.5,2
0.4,58,13,1,1,29.0,2
-1.1,66,11,0,0,33.0,2
-0.6,72,11,1,2,36.0,2
-0.3,66,15,1,2,33.0,2
-0.5,67,15,1,0,33.5,2
0.8,60,17,2,2,30.0,2
1.8,52,17,0,2,26.0,2
1.7,51,17,1,2,25.5,2
1.8,49,15,0,0,24.5,2
1.9,47,17,2,1,23.5,2
1.8,47,15,2,1,23.5,2
1.8,50,20,0,0,25.0,2
1.1,59,19,1,2,29.5,2
0.9,52,17,1,2,26.0,2
0.5,50,20,2,2,25.0,2
-0.6,47,13,2,0,23.5,2
-1.0,52,7,2,2,26.0,1
-2.0,58,7,2,2,29.0,1
-2.2,57,11,1,2,28.5,2
-3.2,61,9,2,0,30.5,1
-2.9,58,15,0,2,29.0,2
-3.6,60,13,0,0,30.0,2
-4.7,68,9,0,1,34.0,1
-5.5,77,4,1,0,38.5,1
-3.3,60,0,0,1,30.0,1
-3.0,64,0,0,1,32.0,1
-3.7,75,6,1,0,37.5,1
-3.4,76,6,2,2,38.0,1
-1.6,74,6,2,0,37.0,1
-0.2,66,7,2,1,33.0,1
0.4,62,7,2,2,31.0,1
1.9,62,9,2,0,31.0,1
1.5,56,17,1,2,28.0,2
2.3,48,15,0,2,24.0,2
2.1,49,9,2,0,24.5,1
2.6,47,15,0,2,23.5,2
1.9,47,13,0,0,23.5,2
0.0,57,6,0,1,28.5,1
-0.9,59,4,1,0,29.5,1
-0.3,57,0,2,2,28.5,1
-1.5,65,0,1,0,32.5,1
-0.7,63,4,0,2,31.5,1
-0.9,65,4,2,1,32.5,1
-1.5,69,6,2,1,34.5,1
-0.6,67,7,1,2,33.5,1
-0.9,66,9,1,2,33.0,1
-2.6,72,7,0,0,36.0,1
-3.6,83,9,0,2,41.5,1
-4.0,85,11,0,0,42.5,2
-4.3,85,13,0,2,42.5,2
-4.2,85,13,2,1,42.5,2
-3.7,82,15,1,0,41.0,2
-3.1,80,17,1,0,40.0,2
-1.3,67,22,2,1,33.5,2
0.0,60,20,2,2,30.0,2
1.1,53,26,1,2,26.5,2
2.1,49,26,0,1,24.5,0
2.4,48,32,1,0,24.0,0
2.2,49,24,1,1,24.5,0
1.8,49,24,1,1,24.5,0
1.5,53,26,2,2,26.5,2
1.2,58,20,2,2,29.0,2
1.0,61,19,2,0,30.5,2
1.4,55,20,2,1,27.5,2
1.3,51,26,2,1,25.5,2
0.8,59,22,1,0,29.5,2
0.0,66,22,0,2,33.0,2
-0.7,74,22,2,2,37.0,2
-0.2,73,26,2,1,36.5,2
-0.9,74,30,2,2,37.0,2
-1.0,69,33,1,2,34.5,2
-0.8,69,20,1,0,34.5,2
-1.3,71,26,1,1,35.5,2
-1.3,69,22,0,0,34.5,2
-1.4,72,19,0,2,36.0,2
-1.0,74,26,2,1,37.0,2
-0.2,72,20,2,0,36.0,2
0.8,68,19,2,2,34.0,2
2.4,63,30,0,0,31.5,2
2.6,62,30,2,2,31.0,2
3.9,58,24,2,2,29.0,2
4.7,56,26,1,1,28.0,2
5.1,54,26,0,0,27.0,2
5.2,54,20,1,0,27.0,2
4.4,55,19,1,2,27.5,2
3.2,58,13,1,2,29.0,2
2.4,67,7,1,0,33.5,1
1.8,69,9,1,1,34.5,1
1.7,62,19,1,0,31.0,2
0.5,69,13,1,1,34.5,2
-0.3,72,11,2,0,36.0,2
-1.3,76,7,0,2,38.0,1
-3.4,84,7,1,0,42.0,1
-3.7,85,7,1,0,42.5,1
-4.3,86,7,0,2,43.0,1
-3.6,86,7,2,2,43.0,1
-3.4,87,7,2,1,43.5,1
-5.4,91,7,0,2,45.5,1
-3.2,89,7,0,0,44.5,1
-2.5,88,7,0,0,44.0,1
-1.6,86,7,0,0,43.0,1
1.3,76,17,2,1,38.0,2
2.3,66,19,0,1,33.0,2
3.3,58,20,1,2,29.0,2
3.4,60,22,2,1,30.0,2
4.0,59,20,0,0,29.5,2
4.8,58,20,0,0,29.0,2
4.6,62,24,2,1,31.0,2
4.5,63,26,2,0,31.5,2
4.6,66,22,1,0,33.0,2
4.6,69,15,0,1,34.5,2
4.6,70,15,0,1,35.0,2
4.2,72,11,1,1,36.0,2
4.6,75,9,0,2,37.5,1
4.5,76,11,1,1,38.0,2
4.0,80,15,2,1,40.0,2
2.8,84,13,1,2,42.0,2
3.6,81,9,2,0,40.5,1
2.7,79,9,1,0,39.5,1
2.6,68,11,2,1,34.0,2
1.1,71,11,2,2,35.5,2
0.7,71,6,1,1,35.5,1
-0.6,71,9,1,0,35.5,1
-1.4,71,13,1,2,35.5,2
0.4,68,13,1,1,34.0,2
2.0,59,15,2,0,29.5,2
2.4,54,7,0,0,27.0,1
3.3,46,6,1,0,23.0,1
4.2,42,6,1,1,21.0,1
4.7,39,6,1,2,19.5,1
5.6,38,4,1,0,19.0,1
5.2,41,11,0,2,20.5,2
3.6,42,9,0,0,21.0,1
3.5,43,7,1,1,21.5,1
3.4,46,7,0,0,23.0,1
2.6,51,7,0,0,25.5,1
2.6,56,15,1,2,28.0,2
1.8,56,9,1,0,28.0,1
0.9,67,11,1,1,33.5,2
1.1,56,11,0,0,28.0,2
2.4,49,7,2,2,24.5,1
2.7,48,13,1,2,24.0,2
3.0,45,11,1,0,22.5,2
3.1,45,17,0,0,22.5,2
0.9,68,20,1,1,34.0,2
0.3,73,20,1,1,36.5,2
0.5,81,17,1,1,40.5,2
0.6,82,22,0,0,41.0,2
0.6,83,20,0,1,41.5,2
1.1,80,20,2,0,40.0,2
1.7,85,17,1,2,42.5,2
2.9,80,22,2,1,40.0,2
3.7,78,24,1,1,39.0,2
5.5,75,17,0,2,37.5,2
6.3,72,20,2,1,36.0,2
7.0,70,19,2,2,35.0,2
6.6,71,20,2,0,35.5,2
4.8,79,17,2,1,39.5,2
3.3,85,13,0,0,42.5,2
1.9,88,17,1,0,44.0,2
1.5,89,15,2,2,44.5,2
1.3,89,15,1,1,44.5,2
1.0,90,13,2,0,45.0,2
1.1,90,15,1,0,45.0,2
0.9,92,19,0,1,46.0,2
0.6,90,17,0,2,45.0,2
0.4,92,15,2,2,46.0,2
0.2,92,15,0,0,46.0,2
-0.3,94,11,0,2,47.0,2
-0.2,93,11,1,1,46.5,2
-0.3,94,13,1,2,47.0,2
-0.2,94,11,2,2,47.0,2
1.0,93,9,2,0,46.5,1
4.2,84,7,1,0,42.0,1
7.2,76,6,2,1,38.0,1
11.8,64,6,1,0,32.0,1
17.5,55,13,0,2,27.5,2
16.9,57,22,0,1,28.5,2
16.3,59,22,2,1,29.5,2
17.0,57,20,0,1,28.5,2
16.7,56,22,0,1,28.0,2
17.1,53,33,1,0,26.5,2
17.1,52,35,1,1,26.0,2
17.1,54,32,0,1,27.0,2
16.4,56,33,2,2,28.0,2
15.9,58,30,2,0,29.0,2
16.0,60,26,1,0,30.0,2
15.6,64,24,0,1,32.0,2
14.8,73,48,0,1,36.5,2
9.1,89,37,0,1,44.5,2
8.0,88,35,1,1,44.0,2
7.9,85,41,1,0,42.5,2
6.2,86,28,1,2,43.0,2
5.6,86,30,2,2,43.0,2
5.7,85,30,2,1,42.5,2
5.4,80,30,2,0,40.0,2
5.2,74,33,0,1,37.0,2
4.6,66,32,0,2,33.0,2
4.7,65,37,1,0,32.5,2
4.8,61,30,0,0,30.5,2
6.1,57,28,0,1,28.5,2
5.3,54,33,2,0,27.0,2
5.6,41,30,1,0,20.5,0
5.4,55,28,2,1,27.5,2
4.9,48,24,0,2,24.0,0
3.7,49,13,2,1,24.5,2
2.5,56,11,1,2,28.0,2
0.8,62,11,0,0,31.0,2
-0.7,67,9,1,2,33.5,1
-1.0,69,7,0,1,34.5,1
-0.9,70,7,0,2,35.0,1
-1.5,72,7,0,1,36.0,1
-0.1,64,4,1,0,32.0,1
-0.7,69,6,2,2,34.5,1
-2.3,75,6,1,2,37.5,1
-2.4,72,6,0,1,36.0,1
-4.0,80,4,1,1,40.0,1
-4.7,87,4,1,2,43.5,1
-3.6,83,4,1,1,41.5,1
-5.2,87,4,0,1,43.5,1
-3.0,87,4,1,2,43.5,1
0.6,76,6,1,2,38.0,1
2.4,61,2,2,0,30.5,1
4.6,50,4,2,2,25.0,1
4.8,44,7,1,2,22.0,1
4.8,43,4,1,1,21.5,1
5.2,44,6,0,2,22.0,1
4.6,41,6,0,2,20.5,1
4.2,43,6,2,0,21.5,1
3.6,45,7,2,2,22.5,1
2.8,51,7,0,2,25.5,1
2.5,54,9,2,0,27.0,1
2.1,56,11,0,0,28.0,2
1.8,56,7,0,2,28.0,1
1.4,59,13,1,0,29.5,2
0.4,61,11,1,0,30.5,2
-1.4,70,13,2,1,35.0,2
-2.0,79,9,1,1,39.5,1
-2.3,81,13,1,0,40.5,2
-2.9,83,9,0,2,41.5,1
-3.6,82,9,2,1,41.0,1
-2.9,79,13,1,0,39.5,2
-3.1,80,15,2,0,40.0,2
-2.9,80,13,0,1,40.0,2
-2.1,80,11,1,0,40.0,2
-1.0,75,19,0,2,37.5,2
0.3,70,15,1,2,35.0,2
1.3,64,11,2,0,32.0,2
1.8,62,15,0,0,31.0,2
2.6,55,13,0,2,27.5,2
2.6,55,11,2,1,27.5,2
2.4,55,13,0,2,27.5,2
1.8,58,11,2,0,29.0,2
1.2,59,9,0,0,29.5,1
1.0,60,7,0,0,30.0,1
0.5,63,7,0,0,31.5,1
-0.7,69,4,2,2,34.5,1
-2.9,77,6,1,1,38.5,1
-1.7,77,4,0,0,38.5,1
-4.3,86,6,2,1,43.0,1
-3.1,83,4,2,2,41.5,1
-5.3,88,4,0,1,44.0,1
-4.5,87,0,2,2,43.5,1
-3.6,89,0,2,2,44.5,1
-6.7,90,0,2,1,45.0,1
-6.5,91,4,0,1,45.5,1
-5.4,93,4,1,0,46.5,1
-5.2,91,4,2,0,45.5,1
-3.2,89,0,0,0,44.5,1
0.4,86,9,1,1,43.0,1
2.0,75,13,2,2,37.5,2
3.1,67,15,2,1,33.5,2
3.9,62,17,0,2,31.0,2
4.9,58,15,0,0,29.0,2
5.3,59,13,1,2,29.5,2
5.5,59,9,1,2,29.5,1
4.8,61,13,0,0,30.5,2
4.4,66,13,0,2,33.0,2
4.2,66,15,2,0,33.0,2
3.7,68,13,2,0,34.0,2
3.3,70,9,1,1,35.0,1
0.8,79,9,1,2,39.5,1
-0.9,85,11,2,0,42.5,2
-1.5,86,13,2,1,43.0,2
-1.1,84,9,1,0,42.0,1
-1.3,85,9,2,2,42.5,1
-2.4,87,11,0,1,43.5,2
-2.0,80,11,0,1,40.0,2
-3.1,77,17,1,2,38.5,2
-2.2,68,13,1,2,34.0,2
-2.6,65,13,2,2,32.5,2
-3.2,68,13,2,2,34.0,2
-2.7,66,15,0,0,33.0,2
-2.1,60,15,2,1,30.0,2
-1.0,55,7,1,1,27.5,1
-0.1,51,4,1,2,25.5,1
1.2,46,4,2,2,23.0,1
2.3,45,4,0,1,22.5,1
2.8,47,6,0,2,23.5,1
2.4,48,6,2,0,24.0,1
2.0,50,4,2,1,25.0,1
0.9,53,4,1,1,26.5,1
-1.7,63,4,1,2,31.5,1
-2.1,68,4,1,0,34.0,1
-0.1,60,7,0,2,30.0,1
-1.4,68,7,2,0,34.0,1
-1.0,67,7,1,0,33.5,1
-1.3,67,9,0,0,33.5,1
-1.6,71,0,1,2,35.5,1
-3.2,76,0,2,0,38.0,1
-4.6,84,0,0,2,42.0,1
-3.9,85,7,2,2,42.5,1
-4.8,85,7,2,1,42.5,1
-5.0,83,7,0,2,41.5,1
-5.4,86,9,0,0,43.0,1
-6.4,86,9,1,2,43.0,1
-4.5,87,7,0,0,43.5,1
-2.4,80,9,0,2,40.0,1
-0.5,62,7,1,2,31.0,1
1.9,54,7,2,0,27.0,1
4.1,35,4,0,2,17.5,1
4.0,31,6,2,2,15.5,1
4.5,32,7,2,1,16.0,1
4.5,29,9,0,1,14.5,1
2.7,41,9,2,0,20.5,1
1.5,47,9,2,1,23.5,1
2.6,47,9,1,2,23.5,1
1.1,55,4,1,2,27.5,1
-1.8,69,6,1,2,34.5,1
-0.6,61,11,2,0,30.5,2
-1.3,66,11,2,2,33.0,2
-2.1,75,11,1,0,37.5,2
-1.8,75,7,0,1,37.5,1
-2.4,77,6,1,1,38.5,1
-3.1,78,13,0,0,39.0,2
-3.6,78,9,0,1,39.0,1
-3.7,78,6,2,2,39.0,1
-4.0,79,9,1,0,39.5,1
-4.3,81,7,0,0,40.5,1
-4.6,83,9,1,0,41.5,1
-2.8,79,11,2,1,39.5,2
-0.5,74,7,2,0,37.0,1
1.3,71,7,2,1,35.5,1
2.4,65,6,0,1,32.5,1
4.9,58,4,1,0,29.0,1
4.9,69,6,0,2,34.5,1
5.9,62,6,1,1,31.0,1
6.2,59,4,0,1,29.5,1
3.7,66,6,2,2,33.0,1
3.0,72,4,2,1,36.0,1
1.1,80,4,2,2,40.0,1
0.1,80,4,0,2,40.0,1
-1.4,85,6,1,2,42.5,1
-2.5,91,4,2,1,45.5,1
-3.3,93,6,2,2,46.5,1
-0.7,90,6,0,1,45.0,1
-3.3,91,7,2,0,45.5,1
-3.6,95,7,2,1,47.5,1
-1.8,88,6,0,1,44.0,1
-3.6,93,6,0,1,46.5,1
-2.9,89,6,2,2,44.5,1
-2.9,89,6,1,2,44.5,1
-2.9,87,6,1,1,43.5,1
-3.4,87,7,1,1,43.5,1
-2.0,84,9,1,1,42.0,1
-0.7,81,6,1,1,40.5,1
1.9,76,9,1,2,38.0,1
3.0,69,6,0,1,34.5,1
4.6,63,2,1,0,31.5,1
5.5,63,4,0,1,31.5,1
5.8,59,6,0,1,29.5,1
5.9,59,11,0,0,29.5,2
5.6,60,6,2,0,30.0,1
4.2,72,7,1,2,36.0,1
2.4,79,6,1,1,39.5,1
1.9,80,7,1,2,40.0,1
3.4,68,9,2,1,34.0,1
1.9,73,9,0,2,36.5,1
1.9,74,7,1,1,37.0,1
2.0,73,9,2,2,36.5,1
3.1,69,6,2,0,34.5,1
0.6,81,6,1,0,40.5,1
0.4,81,7,0,2,40.5,1
-0.7,83,9,2,0,41.5,1
-1.9,87,9,0,1,43.5,1
-1.4,86,11,0,2,43.0,2
-1.6,86,4,1,0,43.0,1
-0.1,82,11,1,2,41.0,2
0.4,83,7,1,2,41.5,1
2.9,72,7,0,0,36.0,1
5.2,62,4,0,1,31.0,1
6.3,63,4,2,1,31.5,1
7.2,58,6,2,2,29.0,1
7.4,57,7,2,1,28.5,1
8.3,50,4,1,2,25.0,1
8.2,48,4,0,1,24.0,1
5.5,61,7,0,2,30.5,1
2.8,71,7,0,2,35.5,1
2.1,80,6,2,2,40.0,1
2.5,79,4,1,0,39.5,1
1.4,85,6,1,0,42.5,1
2.2,82,6,0,2,41.0,1
0.9,85,4,0,0,42.5,1
1.0,88,4,0,2,44.0,1
1.3,94,4,0,0,47.0,1
1.5,94,6,2,1,47.0,1
1.3,90,4,2,2,45.0,1
1.1,86,4,0,2,43.0,1
-0.9,90,4,2,0,45.0,1
-1.4,87,6,0,0,43.5,1
-0.3,84,9,0,0,42.0,1
0.8,78,4,0,1,39.0,1
1.7,77,4,2,1,38.5,1
3.3,74,6,0,0,37.0,1
6.4,58,0,0,1,29.0,1
8.4,52,6,1,1,26.0,1
10.8,42,13,1,2,21.0,2
11.6,35,13,2,2,17.5,2
12.1,36,9,1,2,18.0,1
10.7,44,15,2,0,22.0,2
9.2,54,15,0,1,27.0,2
7.1,61,15,1,0,30.5,2
6.9,64,15,2,0,32.0,2
6.3,67,6,0,2,33.5,1
5.9,68,7,1,1,34.0,1
5.6,71,17,1,0,35.5,2
3.4,73,13,2,1,36.5,2
4.4,66,11,0,1,33.0,2
4.5,65,15,1,2,32.5,2
2.7,77,17,0,1,38.5,2
2.6,75,11,0,1,37.5,2
2.8,70,6,1,1,35.0,1
1.2,76,11,0,2,38.0,2
2.5,70,11,2,2,35.0,2
3.7,66,13,1,1,33.0,2
4.1,67,13,2,2,33.5,2
4.3,68,17,1,2,34.0,2
6.2,59,20,2,0,29.5,2
8.2,57,17,0,1,28.5,2
10.4,50,24,0,2,25.0,2
12.1,48,22,2,1,24.0,0
10.9,51,24,0,2,25.5,2
10.4,54,24,2,2,27.0,2
10.4,58,17,1,2,29.0,2
9.2,83,30,1,0,41.5,2
8.8,87,22,0,2,43.5,2
8.6,90,19,0,1,45.0,2
8.7,87,20,1,2,43.5,2
10.0,73,39,0,2,36.5,2
9.3,70,39,1,1,35.0,2
8.6,68,26,1,1,34.0,2
7.9,64,26,2,2,32.0,2
7.5,61,19,2,0,30.5,2
5.3,81,32,1,0,40.5,2
5.1,81,30,1,1,40.5,2
4.6,69,28,2,2,34.5,2
4.1,63,37,1,1,31.5,2
3.0,70,35,1,2,35.0,2
2.8,72,28,1,0,36.0,2
2.6,73,32,0,0,36.5,2
2.2,74,30,2,1,37.0,2
1.6,83,33,1,0,41.5,2
1.8,73,30,1,2,36.5,2
1.6,68,33,0,1,34.0,2
1.8,61,30,0,1,30.5,2
1.5,52,37,1,2,26.0,2
1.3,57,39,2,1,28.5,2
0.7,59,35,0,0,29.5,2
-0.5,71,28,2,0,35.5,2
-0.6,70,37,0,2,35.0,2
-0.4,68,28,0,0,34.0,2
-0.9,74,22,2,2,37.0,2
-0.9,69,32,1,1,34.5,2
-1.5,62,28,2,2,31.0,2
-1.8,61,24,1,0,30.5,2
-2.1,60,32,1,0,30.0,2
-2.6,61,30,0,2,30.5,2
-2.9,61,26,0,2,30.5,2
-3.3,63,33,0,1,31.5,2
-3.6,62,26,1,2,31.0,2
-4.1,67,30,1,2,33.5,2
-4.3,64,32,2,2,32.0,2
-4.3,66,28,2,0,33.0,2
-4.8,70,26,2,0,35.0,2
-4.3,68,24,2,1,34.0,2
-3.8,65,33,1,0,32.5,2
-3.0,61,32,1,2,30.5,2
-2.9,60,35,2,0,30.0,2
-2.5,57,33,2,2,28.5,2
-2.1,55,32,1,2,27.5,2
-1.8,52,30,2,0,26.0,2
-1.8,50,28,0,2,25.0,2
-2.1,51,24,1,0,25.5,2
-3.1,51,24,0,2,25.5,2
-3.4,53,20,0,1,26.5,2
-3.7,57,22,1,1,28.5,2
-3.7,58,17,1,2,29.0,2
-3.4,59,15,0,0,29.5,2
-3.6,60,13,2,2,30.0,2
-4.2,61,15,2,0,30.5,2
-4.9,67,9,1,1,33.5,1
-6.5,73,7,0,1,36.5,1
-5.0,68,7,0,1,34.0,1
-4.5,69,7,1,2,34.5,1
-4.3,68,9,1,0,34.0,1
-4.3,62,13,0,0,31.0,2
-4.5,61,11,0,2,30.5,2
-4.7,64,11,1,1,32.0,2
-5.5,67,19,0,0,33.5,2
-4.2,59,17,2,0,29.5,2
-3.4,54,19,1,0,27.0,2
-2.5,52,22,2,2,26.0,2
-1.3,49,24,1,2,24.5,0
-1.0,48,24,1,1,24.0,0
-0.8,45,24,0,2,22.5,0
-0.9,50,26,2,2,25.0,2
-1.8,58,24,0,1,29.0,2
-3.0,61,20,2,1,30.5,2
-3.4,63,20,0,2,31.5,2
-3.8,62,15,1,2,31.0,2
-4.6,66,13,2,2,33.0,2
-7.3,79,7,2,1,39.5,1
-5.4,72,0,1,0,36.0,1
-5.8,74,4,1,0,37.0,1
-7.4,82,4,0,2,41.0,1
-9.0,85,4,2,2,42.5,1
-7.0,84,4,0,2,42.0,1
-6.1,83,7,2,2,41.5,1
-4.8,78,7,2,0,39.0,1
-4.4,70,7,0,2,35.0,1
-4.4,72,6,1,1,36.0,1
-4.4,71,9,1,0,35.5,1
-5.2,78,9,0,2,39.0,1
-4.3,72,9,1,1,36.0,1
-3.1,70,9,0,2,35.0,1
-2.4,66,6,1,2,33.0,1
-0.7,60,4,0,2,30.0,1
0.3,57,7,0,1,28.5,1
0.5,58,6,0,2,29.0,1
0.4,58,7,0,2,29.0,1
-0.5,62,7,1,2,31.0,1
-2.2,70,6,2,0,35.0,1
-2.8,73,4,1,1,36.5,1
-2.8,74,6,2,0,37.0,1
-4.5,80,6,0,1,40.0,1
-3.0,77,7,2,2,38.5,1
-3.4,82,7,2,0,41.0,1
-3.8,81,7,1,1,40.5,1
-3.8,83,7,0,0,41.5,1
-4.0,86,6,0,0,43.0,1
-3.6,83,4,0,2,41.5,1
-3.4,83,11,2,1,41.5,2
-3.4,85,4,0,1,42.5,1
-3.2,87,7,1,1,43.5,1
-3.4,87,11,2,0,43.5,2
-3.1,85,9,2,1,42.5,1
-3.1,87,4,2,1,43.5,1
-1.1,84,6,2,0,42.0,1
0.0,74,4,1,1,37.0,1
0.5,71,6,2,0,35.5,1
1.0,58,9,2,2,29.0,1
1.8,64,20,1,2,32.0,2
0.7,86,19,0,2,43.0,2
0.0,94,15,1,2,47.0,2
0.6,90,20,0,2,45.0,2
0.4,92,22,2,0,46.0,2
0.8,90,24,2,0,45.0,2
1.0,88,22,2,1,44.0,2
0.9,88,20,1,0,44.0,2
0.4,85,24,0,0,42.5,2
-0.7,67,30,0,0,33.5,2
-2.6,69,20,1,2,34.5,2
-3.9,70,28,1,1,35.0,2
-5.1,65,22,0,1,32.5,2
-6.3,64,17,1,2,32.0,2
-7.4,68,17,2,2,34.0,2
-8.4,73,9,0,1,36.5,1
-8.4,77,6,1,1,38.5,1
-6.0,72,13,0,0,36.0,2
-5.0,65,11,1,0,32.5,2
-4.8,76,13,0,0,38.0,2
-4.6,83,19,0,1,41.5,2
-4.7,85,20,0,2,42.5,2
-3.5,88,15,2,0,44.0,2
-1.8,84,15,2,0,42.0,2
-1.4,86,17,0,1,43.0,2
-0.8,83,22,1,2,41.5,2
-1.2,78,22,2,0,39.0,2
-1.4,74,15,1,0,37.0,2
-2.2,63,24,0,2,31.5,2
-4.2,55,28,1,2,27.5,2
-4.9,58,22,2,2,29.0,2
-5.7,61,20,1,1,30.5,2
-6.4,63,19,1,1,31.5,2
-7.3,59,17,0,0,29.5,2
-9.4,62,20,0,2,31.0,2
-10.6,64,19,1,0,32.0,2
-12.0,69,9,1,0,34.5,1
-13.5,76,6,0,0,38.0,1
-12.6,71,4,2,1,35.5,1
-12.4,68,4,2,2,34.0,1
-13.6,75,6,1,1,37.5,1
-13.0,74,9,0,1,37.0,1
-13.4,72,9,1,0,36.0,1
-12.8,73,13,0,2,36.5,2
-11.9,72,7,2,2,36.0,1
-10.4,62,11,1,0,31.0,2
-9.9,61,9,0,0,30.5,1
-9.3,62,0,1,0,31.0,1
-9.0,61,6,2,1,30.5,1
-9.0,59,6,2,0,29.5,1
-8.8,57,11,1,1,28.5,2
-9.1,58,11,1,2,29.0,2
-9.3,60,15,1,0,30.0,2
-9.5,62,13,0,2,31.0,2
-9.7,61,15,0,1,30.5,2
-10.0,60,15,1,2,30.0,2
-10.4,59,19,2,2,29.5,2
-10.7,61,19,1,0,30.5,2
-10.8,65,17,1,0,32.5,2
-10.8,64,9,2,1,32.0,1
-11.0,64,13,2,2,32.0,2
-11.1,64,20,0,0,32.0,2
-12.5,77,15,1,0,38.5,2
-11.8,76,17,1,1,38.0,2
-11.9,80,20,1,0,40.0,2
-11.8,77,26,1,2,38.5,2
-11.3,79,24,2,1,39.5,2
-10.9,70,19,1,0,35.0,2
-10.6,65,24,1,2,32.5,2
-10.9,68,24,1,2,34.0,2
-10.3,68,20,1,1,34.0,2
-9.4,66,24,0,2,33.0,2
-8.9,63,22,1,1,31.5,2
-8.3,66,22,2,1,33.0,2
-8.3,66,17,0,2,33.0,2
-7.9,70,20,1,0,35.0,2
-7.5,70,20,2,1,35.0,2
-6.9,71,19,0,2,35.5,2
-6.6,72,17,0,2,36.0,2
-6.0,73,17,1,2,36.5,2
-5.9,75,17,0,0,37.5,2
-4.8,76,13,1,0,38.0,2
-4.7,78,19,1,2,39.0,2
-4.3,80,15,0,1,40.0,2
-4.2,82,15,0,1,41.0,2
-3.9,82,15,0,1,41.0,2
-3.5,84,13,0,1,42.0,2
-3.2,85,13,0,0,42.5,2
-2.7,84,11,2,2,42.0,2
-1.9,86,9,2,1,43.0,1
-0.3,86,6,1,1,43.0,1
4.7,85,28,1,0,42.5,2
5.1,84,32,1,2,42.0,2
5.7,83,28,0,0,41.5,2
6.2,81,28,1,0,40.5,2
6.6,79,28,1,0,39.5,2
6.2,88,19,0,2,44.0,2
6.0,90,19,2,0,45.0,2
5.6,95,22,1,2,47.5,2
5.5,96,20,0,0,48.0,2
5.5,97,17,1,0,48.5,2
5.8,99,15,2,2,49.5,2
5.9,100,15,1,0,50.0,2
6.6,99,13,2,2,49.5,2
6.7,99,11,1,2,49.5,2
7.1,99,15,0,0,49.5,2
8.2,97,19,1,1,48.5,2
8.1,96,15,1,2,48.0,2
7.8,93,22,2,2,46.5,2
6.8,90,28,0,2,45.0,2
5.5,83,26,0,2,41.5,2
4.1,84,13,2,2,42.0,2
3.2,83,13,2,1,41.5,2
1.8,87,11,1,2,43.5,2
1.2,88,9,2,0,44.0,1
2.2,85,11,0,2,42.5,2
3.6,83,11,0,1,41.5,2
3.9,83,13,2,0,41.5,2
3.7,83,11,1,0,41.5,2
3.9,83,9,0,1,41.5,1
4.0,82,9,0,0,41.0,1
4.2,79,13,0,2,39.5,2
4.0,81,9,2,2,40.5,1
3.7,76,4,1,2,38.0,1
2.9,88,4,2,1,44.0,1
3.0,84,4,1,0,42.0,1
3.4,81,6,2,0,40.5,1
3.5,82,0,1,1,41.0,1
3.1,87,6,1,0,43.5,1
3.7,84,11,2,2,42.0,2
3.7,83,13,1,0,41.5,2
3.7,84,13,0,2,42.0,2
3.6,86,7,0,1,43.0,1
3.9,82,6,2,1,41.0,1
3.8,83,19,0,0,41.5,2
3.1,88,20,1,0,44.0,2
2.9,90,13,2,2,45.0,2
4.2,89,15,0,2,44.5,2
5.1,89,13,2,2,44.5,2
5.5,89,9,1,2,44.5,1
5.9,93,11,2,2,46.5,2
8.0,89,19,0,0,44.5,2
10.1,85,17,2,2,42.5,2
11.5,81,19,2,1,40.5,2
11.9,79,17,1,1,39.5,2
11.3,81,24,2,0,40.5,2
11.0,81,24,0,0,40.5,2
10.7,83,24,0,1,41.5,2
10.8,83,30,0,0,41.5,2
10.7,85,32,2,2,42.5,2
10.7,86,7,1,0,43.0,1
9.9,95,15,0,2,47.5,2
10.4,95,9,1,2,47.5,1
9.8,97,6,1,1,48.5,1
9.7,96,19,2,2,48.0,2
9.5,90,19,2,0,45.0,2
9.0,89,30,1,0,44.5,2
8.7,90,24,1,2,45.0,2
7.8,93,24,0,1,46.5,2
7.2,85,15,2,2,42.5,2
6.6,84,17,1,0,42.0,2
5.7,81,24,0,1,40.5,2
5.2,71,30,2,2,35.5,2
4.2,71,26,2,0,35.5,2
3.6,69,26,2,1,34.5,2
2.1,75,28,0,1,37.5,2
2.2,71,30,0,2,35.5,2
1.1,65,26,0,1,32.5,2
1.3,54,30,0,1,27.0,2
0.8,57,35,0,1,28.5,2
0.1,56,26,1,0,28.0,2
-0.4,51,30,1,2,25.5,2
-0.7,56,30,2,1,28.0,2
-0.8,58,22,0,1,29.0,2
-1.0,57,28,1,0,28.5,2
-1.4,58,19,1,2,29.0,2
-1.9,60,24,0,0,30.0,2
-1.6,55,26,0,2,27.5,2
-1.8,55,20,0,2,27.5,2
-2.1,56,20,2,1,28.0,2
-2.3,59,17,1,2,29.5,2
-2.9,61,17,0,0,30.5,2
-3.4,65,15,2,2,32.5,2
-3.9,68,11,0,2,34.0,2
-5.2,71,9,0,2,35.5,1
-5.7,73,13,0,0,36.5,2
-5.9,73,11,1,1,36.5,2
-4.6,72,7,0,0,36.0,1
-3.4,66,9,1,0,33.0,1
-2.6,64,13,1,0,32.0,2
-1.8,58,13,2,0,29.0,2
-1.8,56,6,2,2,28.0,1
-1.0,58,7,1,0,29.0,1
-0.9,55,13,1,0,27.5,2
-1.2,60,11,0,0,30.0,2
-2.8,68,7,0,2,34.0,1
-2.8,69,7,1,1,34.5,1
-2.7,73,13,1,2,36.5,2
-2.8,71,9,0,2,35.5,1
-1.9,66,7,0,2,33.0,1
-1.7,67,11,0,2,33.5,2
-1.4,65,17,0,2,32.5,2
-1.1,69,7,2,1,34.5,1
-1.3,71,13,0,1,35.5,2
-1.5,73,7,1,2,36.5,1
-1.3,74,9,1,2,37.0,1
-1.8,77,9,0,1,38.5,1
-2.7,80,11,0,0,40.0,2
-2.2,78,11,1,2,39.0,2
-2.9,82,7,1,2,41.0,1
-2.8,83,11,2,0,41.5,2
-3.3,85,7,1,1,42.5,1
-2.1,82,7,1,0,41.0,1
1.2,60,9,1,1,30.0,1
2.6,57,4,2,2,28.5,1
3.0,56,4,1,0,28.0,1
3.7,56,6,0,0,28.0,1
3.9,55,11,1,2,27.5,2
3.9,59,11,1,2,29.5,2
3.5,59,9,2,2,29.5,1
2.8,64,11,0,1,32.0,2
2.2,66,7,1,0,33.0,1
2.2,67,6,2,1,33.5,1
2.1,68,4,1,0,34.0,1
2.0,69,6,2,1,34.5,1
2.3,71,4,2,1,35.5,1
1.5,76,4,2,0,38.0,1
1.8,79,4,0,0,39.5,1
2.0,79,6,2,0,39.5,1
2.0,75,7,1,1,37.5,1
2.1,77,6,2,0,38.5,1
2.5,77,0,1,0,38.5,1
2.7,77,9,0,0,38.5,1
2.4,86,9,0,2,43.0,1
2.3,91,6,2,1,45.5,1
2.7,92,7,1,2,46.0,1
2.7,94,11,0,0,47.0,2
3.2,92,11,0,1,46.0,2
2.2,95,17,2,1,47.5,2
2.1,96,15,2,0,48.0,2
1.9,96,17,2,0,48.0,2
2.1,94,15,1,2,47.0,2
2.0,93,17,2,0,46.5,2
1.8,93,17,2,1,46.5,2
1.6,93,9,1,2,46.5,1
1.1,96,9,1,1,48.0,1
0.9,95,9,2,0,47.5,1
0.8,96,9,1,0,48.0,1
0.8,96,9,1,0,48.0,1
1.2,96,13,2,2,48.0,2
1.3,95,17,1,0,47.5,2
1.5,94,20,2,0,47.0,2
1.9,92,17,2,1,46.0,2
1.8,88,17,1,1,44.0,2
1.5,87,17,2,2,43.5,2
1.5,88,13,0,2,44.0,2
1.1,86,15,1,0,43.0,2
0.8,85,11,1,1,42.5,2
0.2,83,20,1,1,41.5,2
-0.5,84,11,2,2,42.0,2
-0.9,80,20,2,0,40.0,2
-1.5,80,20,1,1,40.0,2
-1.7,79,17,2,2,39.5,2
-1.9,79,17,0,1,39.5,2
-2.3,79,9,0,2,39.5,1
-1.9,79,7,0,1,39.5,1
-1.9,80,6,1,1,40.0,1
-1.6,76,4,2,1,38.0,1
-1.2,71,15,1,0,35.5,2
-1.4,71,19,0,2,35.5,2
-1.7,71,22,0,2,35.5,2
-2.2,69,28,0,1,34.5,2
-2.4,73,20,1,0,36.5,2
-3.0,67,28,1,0,33.5,2
-3.6,68,32,0,2,34.0,2
-3.9,73,20,0,1,36.5,2
-5.0,91,32,2,1,45.5,2
-4.7,89,33,2,2,44.5,2
-4.3,89,33,0,0,44.5,2
-3.3,92,28,2,0,46.0,2
-1.9,94,33,0,1,47.0,2
0.1,93,22,0,0,46.5,2
1.0,93,19,0,2,46.5,2
1.7,94,17,2,1,47.0,2
2.2,95,19,0,1,47.5,2
2.2,96,17,0,2,48.0,2
1.9,97,15,2,0,48.5,2
1.4,96,15,0,1,48.0,2
0.6,98,19,2,1,49.0,2
0.1,98,15,0,0,49.0,2
0.0,96,9,2,1,48.0,1
0.0,96,6,1,0,48.0,1
0.1,97,4,0,0,48.5,1
1.5,97,15,2,2,48.5,2
2.6,89,22,1,0,44.5,2
2.5,81,24,0,2,40.5,2
2.2,78,24,2,2,39.0,2
1.7,80,20,2,1,40.0,2
1.2,79,20,1,2,39.5,2
0.7,78,17,0,2,39.0,2
0.0,77,28,2,0,38.5,2
-1.1,74,22,1,0,37.0,2
-2.5,77,24,1,1,38.5,2
-4.5,76,20,2,0,38.0,2
-5.9,75,17,0,0,37.5,2
-7.3,79,15,1,0,39.5,2
-8.0,76,15,0,0,38.0,2
-8.4,75,17,2,0,37.5,2
-7.9,72,19,2,1,36.0,2
-7.1,68,9,2,2,34.0,1
-6.6,64,7,2,2,32.0,1
-6.1,61,11,1,0,30.5,2
-5.5,65,17,1,1,32.5,2
-5.2,64,17,0,2,32.0,2
-5.7,64,13,0,2,32.0,2
-6.1,65,15,2,0,32.5,2
-6.8,68,11,0,1,34.0,2
-6.9,70,13,2,2,35.0,2
-7.9,78,13,1,2,39.0,2
-7.9,77,15,1,0,38.5,2
-8.7,79,9,2,0,39.5,1
-9.1,83,6,2,0,41.5,1
-8.3,80,9,1,0,40.0,1
-9.2,83,7,0,2,41.5,1
-9.4,85,7,0,2,42.5,1
-10.3,87,4,2,1,43.5,1
-9.6,87,4,1,1,43.5,1
-10.1,89,6,0,1,44.5,1
-10.3,89,4,0,2,44.5,1
-9.5,87,4,1,0,43.5,1
-11.2,91,4,2,1,45.5,1
-7.3,86,11,1,0,43.0,2
-6.1,80,4,1,1,40.0,1
-4.7,80,9,0,2,40.0,1
-3.7,79,7,0,2,39.5,1
-2.7,75,7,0,0,37.5,1
-3.0,76,6,0,2,38.0,1
-2.9,76,7,1,1,38.0,1
-3.2,77,6,2,1,38.5,1
-2.8,77,4,1,2,38.5,1
-3.2,81,7,2,1,40.5,1
-3.6,85,7,2,2,42.5,1
-4.0,85,11,0,1,42.5,2
-4.4,86,7,1,2,43.0,1
-3.9,86,6,0,0,43.0,1
-3.8,87,4,2,0,43.5,1
-4.3,89,4,1,1,44.5,1
-6.1,90,6,1,2,45.0,1
-4.3,93,11,0,0,46.5,2
-5.9,95,6,0,2,47.5,1
-6.1,93,11,1,1,46.5,2
-5.4,94,6,0,2,47.0,1
-6.0,94,4,0,2,47.0,1
-6.4,92,4,2,2,46.0,1
-6.1,90,4,1,0,45.0,1
-6.0,92,4,1,2,46.0,1
-4.7,91,4,2,2,45.5,1
-2.3,87,4,0,2,43.5,1
-0.7,84,9,1,0,42.0,1
-0.4,83,9,0,2,41.5,1
0.1,83,9,2,0,41.5,1
1.1,79,11,0,2,39.5,2
2.1,75,7,0,0,37.5,1
1.3,78,9,1,1,39.0,1
1.4,79,19,2,1,39.5,2
1.1,80,19,2,1,40.0,2
1.7,74,15,1,0,37.0,2
0.4,81,11,2,2,40.5,2
0.6,81,15,0,1,40.5,2
0.2,82,15,1,1,41.0,2
0.7,80,17,2,2,40.0,2
0.8,78,15,0,0,39.0,2
0.0,80,17,1,2,40.0,2
-0.6,83,15,0,0,41.5,2
-0.8,83,15,2,2,41.5,2
-0.2,78,20,1,2,39.0,2
0.3,77,11,1,0,38.5,2
0.5,75,15,0,1,37.5,2
2.0,66,20,0,0,33.0,2
1.5,69,13,2,0,34.5,2
2.3,67,26,1,2,33.5,2
2.8,69,22,0,2,34.5,2
2.6,72,22,1,0,36.0,2
2.8,73,17,2,2,36.5,2
3.3,72,22,2,0,36.0,2
3.2,73,19,2,2,36.5,2
3.0,75,15,2,1,37.5,2
2.8,76,17,2,0,38.0,2
2.5,80,13,1,0,40.0,2
2.3,77,17,1,1,38.5,2
1.8,67,19,2,1,33.5,2
0.8,67,15,0,0,33.5,2
-1.5,69,22,0,2,34.5,2
-2.9,71,20,2,2,35.5,2
-4.3,72,22,1,2,36.0,2
-5.3,67,20,1,0,33.5,2
-6.5,68,17,0,1,34.0,2
-7.1,69,19,0,1,34.5,2
-8.0,66,17,1,1,33.0,2
-8.5,66,15,0,0,33.0,2
-9.3,67,20,2,2,33.5,2
-9.9,69,17,2,1,34.5,2
-10.2,67,19,0,0,33.5,2
-10.7,67,13,2,1,33.5,2
-10.4,64,19,0,2,32.0,2
-9.9,65,13,1,2,32.5,2
-9.3,64,19,2,0,32.0,2
-9.1,62,19,0,0,31.0,2
-8.4,60,19,2,0,30.0,2
-8.0,61,13,2,0,30.5,2
-7.8,63,15,1,2,31.5,2
-8.5,60,20,1,2,30.0,2
-8.7,59,15,1,0,29.5,2
-9.1,62,17,0,1,31.0,2
-9.1,64,20,1,2,32.0,2
-8.7,60,20,1,0,30.0,2
-9.0,59,24,2,1,29.5,2
-9.5,64,19,1,0,32.0,2
-9.9,66,26,1,0,33.0,2
-10.0,67,24,2,2,33.5,2
-10.1,68,24,2,0,34.0,2
-10.1,70,28,2,2,35.0,2
-10.1,70,28,1,2,35.0,2
-10.1,70,24,2,2,35.0,2
-10.0,70,22,0,0,35.0,2
-9.9,68,35,1,1,34.0,2
-9.8,66,32,2,0,33.0,2
-9.5,65,32,0,2,32.5,2
-9.4,65,33,1,1,32.5,2
-7.7,62,32,2,2,31.0,2
-8.2,63,35,2,2,31.5,2
-8.5,75,32,1,1,37.5,2
-8.0,78,26,1,0,39.0,2
-7.7,82,32,2,1,41.0,2
-7.6,87,32,2,2,43.5,2
-7.0,88,35,2,1,44.0,2
-6.4,88,30,1,2,44.0,2
-5.9,89,30,2,1,44.5,2
-5.1,89,22,0,1,44.5,2
-4.7,91,28,2,1,45.5,2
-4.0,90,24,0,2,45.0,2
-3.6,92,22,1,0,46.0,2
-3.1,92,24,2,0,46.0,2
-2.3,93,24,1,1,46.5,2
-2.3,93,26,2,0,46.5,2
-2.2,92,24,2,1,46.0,2
-2.6,92,28,2,2,46.0,2
-3.0,92,24,0,2,46.0,2
-3.0,91,24,1,2,45.5,2
-2.1,92,19,1,0,46.0,2
-0.3,93,13,2,0,46.5,2
0.3,94,20,2,1,47.0,2
0.4,92,20,2,0,46.0,2
0.5,91,20,0,0,45.5,2
0.4,94,19,0,1,47.0,2
0.4,95,22,1,0,47.5,2
0.6,95,17,1,1,47.5,2
0.8,95,19,0,2,47.5,2
0.9,95,19,0,0,47.5,2
1.3,94,15,2,1,47.0,2
1.9,92,17,1,2,46.0,2
2.0,90,19,1,0,45.0,2
2.1,88,15,1,1,44.0,2
2.3,88,19,2,2,44.0,2
1.7,90,20,0,0,45.0,2
1.9,88,13,2,1,44.0,2
1.2,91,20,2,2,45.5,2
0.6,92,19,1,0,46.0,2
0.1,93,24,2,0,46.5,2
0.4,91,24,0,0,45.5,2
0.4,91,24,2,0,45.5,2
0.5,91,24,2,1,45.5,2
0.6,92,24,0,1,46.0,2
0.5,94,24,2,2,47.0,2
0.5,95,24,0,0,47.5,2
0.7,95,24,2,0,47.5,2
0.7,96,22,1,1,48.0,2
0.6,96,24,0,1,48.0,2
0.5,95,22,1,2,47.5,2
0.8,94,32,2,0,47.0,2
1.0,93,26,0,1,46.5,2
1.0,94,24,2,0,47.0,2
1.1,94,22,1,0,47.0,2
1.1,93,26,2,1,46.5,2
1.2,94,22,2,1,47.0,2
1.4,94,22,2,0,47.0,2
1.4,95,15,1,0,47.5,2
1.3,96,15,1,2,48.0,2
1.0,97,13,0,1,48.5,2
0.8,97,15,2,1,48.5,2
0.8,98,11,2,0,49.0,2
0.6,97,9,0,2,48.5,1
0.5,97,7,2,0,48.5,1
0.4,98,7,2,2,49.0,1
0.4,97,9,2,1,48.5,1
0.4,97,11,2,0,48.5,2
0.3,97,11,2,1,48.5,2
0.4,96,9,1,0,48.0,1
0.4,97,11,1,1,48.5,2
0.5,97,11,1,1,48.5,2
0.6,97,13,0,0,48.5,2
0.6,97,15,0,2,48.5,2
0.8,96,11,1,1,48.0,2
0.8,94,17,0,1,47.0,2
1.0,92,11,1,1,46.0,2
1.1,92,13,2,1,46.0,2
1.3,90,9,2,0,45.0,1
1.3,88,7,2,0,44.0,1
1.1,91,6,1,2,45.5,1
1.2,92,9,0,2,46.0,1
0.8,96,11,1,1,48.0,2
0.7,96,11,0,0,48.0,2
0.6,95,13,0,1,47.5,2
0.6,92,9,2,2,46.0,1
0.6,90,13,2,0,45.0,2
0.4,83,20,1,1,41.5,2
0.1,84,17,1,1,42.0,2
-0.2,85,19,2,2,42.5,2
-0.5,84,17,1,1,42.0,2
-0.7,82,15,2,2,41.0,2
-1.1,81,13,1,1,40.5,2
-1.6,82,15,0,2,41.0,2
-1.8,79,20,1,1,39.5,2
-1.9,82,15,2,1,41.0,2
-1.7,81,13,1,0,40.5,2
-1.4,81,7,0,0,40.5,1
-1.1,81,4,0,1,40.5,1
-1.0,81,6,0,0,40.5,1
-0.9,79,15,2,2,39.5,2
-1.0,78,15,1,2,39.0,2
-0.5,78,13,2,0,39.0,2
-0.3,80,13,2,1,40.0,2
-0.3,81,19,2,0,40.5,2
0.2,79,19,1,2,39.5,2
0.3,80,17,2,1,40.0,2
0.1,83,20,1,0,41.5,2
0.7,80,22,0,2,40.0,2
1.1,77,20,1,0,38.5,2
1.2,79,28,1,1,39.5,2
1.9,75,26,2,0,37.5,2
1.1,88,17,0,0,44.0,2
1.0,91,20,1,0,45.5,2
0.9,94,28,1,2,47.0,2
1.1,92,22,2,1,46.0,2
1.3,92,26,0,2,46.0,2
1.0,93,22,2,2,46.5,2
0.9,93,32,2,0,46.5,2
0.8,93,32,2,2,46.5,2
0.8,93,33,2,2,46.5,2
1.0,93,32,1,0,46.5,2
0.9,94,30,0,1,47.0,2
1.3,93,41,0,2,46.5,2
1.8,90,41,2,0,45.0,2
2.1,88,41,2,2,44.0,2
1.8,89,33,1,0,44.5,2
1.4,92,43,2,2,46.0,2
1.3,92,46,2,0,46.0,2
1.4,92,46,1,2,46.0,2
2.3,92,37,0,2,46.0,2
2.4,95,15,0,0,47.5,2
1.3,94,22,2,1,47.0,2
0.7,95,28,0,2,47.5,2
1.1,92,30,0,2,46.0,2
1.1,92,32,0,0,46.0,2
1.2,92,30,1,0,46.0,2
1.1,93,30,0,0,46.5,2
1.1,93,28,2,2,46.5,2
0.6,92,35,2,0,46.0,2
-0.9,93,35,1,2,46.5,2
-1.6,90,41,2,1,45.0,2
-2.2,89,35,1,1,44.5,2
-2.5,86,41,2,2,43.0,2
-3.0,86,35,2,1,43.0,2
-3.6,90,37,2,2,45.0,2
-4.3,92,35,0,0,46.0,2
-4.5,90,33,1,2,45.0,2
-4.7,85,37,2,2,42.5,2
-5.0,82,32,2,1,41.0,2
-5.4,88,35,2,1,44.0,2
-5.9,86,41,1,1,43.0,2
-5.7,81,32,0,2,40.5,2
-6.0,81,33,1,0,40.5,2
-6.7,83,32,1,2,41.5,2
-6.9,75,32,0,1,37.5,2
-7.2,71,28,0,2,35.5,2
-7.4,70,35,2,2,35.0,2
-7.8,68,39,1,0,34.0,2
-7.8,74,32,1,0,37.0,2
-7.9,74,32,0,0,37.0,2
-8.2,71,30,2,1,35.5,2
-8.2,72,30,2,1,36.0,2
-8.3,71,28,0,1,35.5,2
-8.5,69,30,2,1,34.5,2
-8.4,73,26,2,1,36.5,2
-8.5,75,20,2,2,37.5,2
-8.7,77,20,1,0,38.5,2
-8.7,76,22,0,2,38.0,2
-8.6,73,24,2,2,36.5,2
-8.3,71,26,0,0,35.5,2
-7.9,69,24,2,2,34.5,2
-7.4,67,20,2,1,33.5,2
-6.9,67,11,0,0,33.5,2
-6.8,71,13,1,2,35.5,2
-7.0,82,13,0,0,41.0,2
-7.1,84,9,2,1,42.0,1
-7.2,80,11,0,0,40.0,2
-7.2,80,9,2,0,40.0,1
-7.2,78,9,2,1,39.0,1
-8.0,78,9,1,2,39.0,1
-9.0,81,9,0,1,40.5,1
-8.3,81,9,2,1,40.5,1
-8.5,84,15,0,2,42.0,2
-8.4,83,17,0,1,41.5,2
-8.8,81,17,2,1,40.5,2
-8.9,76,20,0,0,38.0,2
-10.0,81,24,1,0,40.5,2
-10.4,79,19,2,1,39.5,2
-10.9,78,15,1,2,39.0,2
-11.1,80,15,0,0,40.0,2
-11.0,79,13,0,2,39.5,2
-10.5,77,13,2,0,38.5,2
-9.9,76,11,0,0,38.0,2
-9.0,69,11,2,2,34.5,2
-7.9,65,9,2,0,32.5,1
-7.6,65,15,1,2,32.5,2
-7.8,63,15,1,1,31.5,2
-7.5,63,13,2,2,31.5,2
-8.2,67,11,0,2,33.5,2
-9.7,73,6,2,2,36.5,1
-10.4,76,9,2,2,38.0,1
-9.7,76,7,0,1,38.0,1
-9.6,77,6,0,2,38.5,1
-9.4,74,7,0,2,37.0,1
-9.8,76,4,2,0,38.0,1
-10.5,83,4,0,2,41.5,1
-9.0,76,11,2,0,38.0,2
-10.5,82,6,0,2,41.0,1
-10.6,82,13,1,2,41.0,2
-10.5,85,19,2,2,42.5,2
-10.1,78,15,1,2,39.0,2
-10.8,83,17,1,0,41.5,2
-10.6,79,13,2,2,39.5,2
-11.3,80,11,1,2,40.0,2
-11.3,78,11,1,1,39.0,2
-11.0,77,13,2,2,38.5,2
-10.1,71,15,2,1,35.5,2
-9.6,68,9,0,2,34.0,1
-9.4,67,9,1,2,33.5,1
-8.7,63,7,0,0,31.5,1
-7.7,60,6,2,1,30.0,1
-7.1,59,17,1,2,29.5,2
-7.5,60,11,0,2,30.0,2
-8.3,67,13,0,1,33.5,2
-8.9,70,13,0,0,35.0,2
-8.8,74,19,2,1,37.0,2
-9.4,77,13,1,1,38.5,2
-9.7,80,4,0,0,40.0,1
-10.9,83,4,1,0,41.5,1
-10.4,83,11,2,2,41.5,2
-11.8,87,4,2,2,43.5,1
-11.2,87,6,0,2,43.5,1
-12.7,87,4,0,1,43.5,1
-14.2,88,6,1,2,44.0,1
-13.1,88,6,2,2,44.0,1
-12.7,89,4,1,2,44.5,1
-13.4,89,4,2,2,44.5,1
-13.0,89,7,1,0,44.5,1
-13.7,88,4,2,0,44.0,1
-11.3,89,15,0,0,44.5,2
-11.0,84,15,2,1,42.0,2
-11.3,77,20,2,1,38.5,2
-10.6,74,20,0,0,37.0,2
-10.3,74,15,1,0,37.0,2
-10.0,72,19,1,2,36.0,2
-10.0,71,19,2,2,35.5,2
-10.3,74,19,0,1,37.0,2
-10.2,74,22,1,1,37.0,2
-10.0,74,24,0,1,37.0,2
-9.6,76,39,0,1,38.0,2
-10.3,81,28,1,2,40.5,2
-9.8,81,22,2,0,40.5,2
-9.7,78,37,0,2,39.0,2
-9.7,81,24,0,0,40.5,2
-9.8,81,30,2,0,40.5,2
-9.4,80,26,2,2,40.0,2
-8.5,80,30,1,1,40.0,2
-8.1,85,37,2,0,42.5,2
-7.9,88,33,1,2,44.0,2
-7.5,88,43,1,0,44.0,2
-6.8,90,39,0,0,45.0,2
-6.5,92,44,2,2,46.0,2
-6.3,92,39,2,1,46.0,2
-5.7,93,37,0,2,46.5,2
-5.4,93,41,0,0,46.5,2
-5.2,91,39,2,0,45.5,2
-5.5,92,39,1,2,46.0,2
-5.4,91,48,2,1,45.5,2
-5.2,89,46,2,1,44.5,2
-5.0,91,37,0,1,45.5,2
-4.5,88,37,1,0,44.0,2
-4.2,88,32,0,2,44.0,2
-4.0,88,28,2,2,44.0,2
-3.9,88,26,1,0,44.0,2
-3.7,89,37,0,2,44.5,2
-3.7,92,24,1,2,46.0,2
-3.8,94,20,1,2,47.0,2
-4.0,89,24,1,1,44.5,2
-4.2,89,19,2,2,44.5,2
-4.4,85,15,0,1,42.5,2
-4.3,86,11,0,0,43.0,2
-4.6,91,13,2,1,45.5,2
-4.9,93,9,1,2,46.5,1
-5.0,92,7,0,0,46.0,1
-4.8,87,9,2,2,43.5,1
-5.0,89,9,0,1,44.5,1
-5.2,87,17,1,1,43.5,2
-5.5,83,17,0,0,41.5,2
-6.1,82,19,1,2,41.0,2
-6.2,82,24,1,0,41.0,2
-7.2,81,24,2,1,40.5,2
-6.8,79,20,1,0,39.5,2
-6.5,77,22,2,1,38.5,2
-6.8,76,24,0,2,38.0,2
-7.7,77,30,1,1,38.5,2
-8.6,76,26,0,2,38.0,2
-9.0,78,24,1,0,39.0,2
-9.4,79,22,2,0,39.5,2
-9.8,80,20,0,0,40.0,2
-9.8,81,19,0,2,40.5,2
-9.9,81,17,0,0,40.5,2
-10.9,83,13,1,0,41.5,2
-11.6,86,13,1,2,43.0,2
-11.9,87,11,1,0,43.5,2
-11.8,90,13,1,1,45.0,2
-13.4,86,4,2,1,43.0,1
-16.0,90,6,1,1,45.0,1
-14.8,91,4,2,0,45.5,1
-13.8,88,4,1,0,44.0,1
-14.8,88,7,0,0,44.0,1
-13.6,88,11,1,2,44.0,2
-13.2,88,11,2,2,44.0,2
-12.0,90,7,1,2,45.0,1
-10.9,90,7,1,0,45.0,1
-10.5,92,11,0,1,46.0,2
-10.0,92,22,2,1,46.0,2
-9.3,91,22,2,2,45.5,2
-8.8,91,20,0,2,45.5,2
-8.5,90,24,0,1,45.0,2
-9.0,90,19,0,2,45.0,2
-9.3,88,26,1,2,44.0,2
-9.5,87,26,2,2,43.5,2
-9.7,86,24,0,1,43.0,2
-9.8,85,24,0,0,42.5,2
-10.1,89,15,2,0,44.5,2
-10.0,85,20,1,2,42.5,2
-9.6,87,13,1,2,43.5,2
-9.4,92,9,1,0,46.0,1
-9.3,92,9,2,0,46.0,1
-9.1,90,11,1,1,45.0,2
-9.3,90,13,1,1,45.0,2
-9.1,90,11,2,1,45.0,2
-9.3,89,17,2,0,44.5,2
-9.9,77,19,0,2,38.5,2
-11.3,77,20,2,2,38.5,2
-11.7,76,19,1,2,38.0,2
-12.4,74,24,2,2,37.0,2
-11.9,75,32,1,1,37.5,2
-12.2,75,26,0,0,37.5,2
-12.4,73,37,1,1,36.5,2
-11.8,70,37,1,0,35.0,2
-11.3,70,32,1,2,35.0,2
-11.4,72,26,2,1,36.0,2
-12.1,74,28,1,0,37.0,2
-12.6,76,24,2,2,38.0,2
-13.4,77,26,0,1,38.5,2
-13.8,80,24,0,0,40.0,2
-13.8,80,20,0,2,40.0,2
-13.7,81,19,1,0,40.5,2
-12.1,78,28,1,2,39.0,2
-11.1,77,26,0,2,38.5,2
-10.7,77,15,0,0,38.5,2
-10.1,77,9,2,2,38.5,1
-11.8,81,6,2,0,40.5,1
-10.5,83,11,0,1,41.5,2
-10.2,84,6,0,0,42.0,1
-9.7,85,4,0,1,42.5,1
-9.3,85,0,0,0,42.5,1
-8.6,87,4,1,1,43.5,1
-8.1,89,4,1,0,44.5,1
-7.4,89,4,2,1,44.5,1
-6.7,91,9,0,0,45.5,1
-5.8,88,4,1,1,44.0,1
-4.6,86,4,1,0,43.0,1
-3.4,84,6,1,1,42.0,1
-2.3,84,9,1,0,42.0,1
-1.4,82,13,0,2,41.0,2
-1.1,85,19,0,0,42.5,2
-1.3,88,17,1,0,44.0,2
0.1,81,30,0,1,40.5,2
0.2,83,24,1,1,41.5,2
-0.5,93,28,1,0,46.5,2
-0.2,89,28,2,2,44.5,2
0.0,86,30,2,2,43.0,2
